{
  "type": "FeatureCollection",
  "crs": {
    "type": "name",
    "properties": {
      "name": "EPSG:4326"
    }
  },
  "features": [
    {
      "type": "Feature",
      "id": 6,
      "geometry": {
        "type": "LineString",
        "coordinates": [
          [
            -86.6907384,
            36.2734228
          ],
          [
            -86.6907409,
            36.273422
          ],
          [
            -86.690742,
            36.2734218
          ],
          [
            -86.6907423,
            36.273421
          ],
          [
            -86.6907426,
            36.2734203
          ],
          [
            -86.6907425,
            36.2734197
          ],
          [
            -86.6907423,
            36.2734195
          ],
          [
            -86.6907421,
            36.2734195
          ],
          [
            -86.6907423,
            36.2734192
          ],
          [
            -86.6907429,
            36.2734185
          ],
          [
            -86.6907424,
            36.2734185
          ],
          [
            -86.6907419,
            36.2734186
          ],
          [
            -86.6907416,
            36.2734198
          ],
          [
            -86.6907422,
            36.2734205
          ],
          [
            -86.6907442,
            36.273422
          ],
          [
            -86.6907454,
            36.2734208
          ],
          [
            -86.6907446,
            36.2734213
          ],
          [
            -86.6907443,
            36.2734223
          ],
          [
            -86.6907476,
            36.2734194
          ],
          [
            -86.6907676,
            36.2734052
          ],
          [
            -86.6908011,
            36.2733813
          ],
          [
            -86.6908546,
            36.2733425
          ],
          [
            -86.6909332,
            36.2732841
          ],
          [
            -86.6910326,
            36.2732121
          ],
          [
            -86.6911251,
            36.2731411
          ],
          [
            -86.6912223,
            36.2730726
          ],
          [
            -86.6913464,
            36.2729935
          ],
          [
            -86.6914495,
            36.2729231
          ],
          [
            -86.6915667,
            36.2728329
          ],
          [
            -86.6916857,
            36.2727419
          ],
          [
            -86.6918261,
            36.2726418
          ],
          [
            -86.691951,
            36.2725501
          ],
          [
            -86.6920799,
            36.2724572
          ],
          [
            -86.692212,
            36.2723623
          ],
          [
            -86.6923441,
            36.2722676
          ],
          [
            -86.6924729,
            36.2721734
          ],
          [
            -86.6926025,
            36.2720832
          ],
          [
            -86.6927132,
            36.2720024
          ],
          [
            -86.6928577,
            36.2718967
          ],
          [
            -86.6929864,
            36.2718019
          ],
          [
            -86.6931147,
            36.2717106
          ],
          [
            -86.6932409,
            36.271618
          ],
          [
            -86.6933638,
            36.2715286
          ],
          [
            -86.6934872,
            36.2714426
          ],
          [
            -86.6936047,
            36.2713586
          ],
          [
            -86.6937044,
            36.2712881
          ],
          [
            -86.6938314,
            36.2711952
          ],
          [
            -86.6939437,
            36.2711086
          ],
          [
            -86.6940597,
            36.2710213
          ],
          [
            -86.6941782,
            36.2709366
          ],
          [
            -86.694298,
            36.2708513
          ],
          [
            -86.6944173,
            36.2707676
          ],
          [
            -86.6945311,
            36.2706879
          ],
          [
            -86.6946426,
            36.2706033
          ],
          [
            -86.6947563,
            36.27052
          ],
          [
            -86.6948722,
            36.2704374
          ],
          [
            -86.694973,
            36.2703661
          ],
          [
            -86.6950858,
            36.2702797
          ],
          [
            -86.6952009,
            36.2701942
          ],
          [
            -86.6953188,
            36.2701116
          ],
          [
            -86.6954454,
            36.2700162
          ],
          [
            -86.695547,
            36.2699457
          ],
          [
            -86.6956774,
            36.2698546
          ],
          [
            -86.6957881,
            36.2697721
          ],
          [
            -86.6959005,
            36.2696899
          ],
          [
            -86.6959996,
            36.2696203
          ],
          [
            -86.6961112,
            36.2695418
          ],
          [
            -86.6962223,
            36.269462
          ],
          [
            -86.6963307,
            36.2693836
          ],
          [
            -86.6964392,
            36.269306
          ],
          [
            -86.6965453,
            36.269227
          ],
          [
            -86.6966539,
            36.2691485
          ],
          [
            -86.6967643,
            36.2690688
          ],
          [
            -86.6968747,
            36.2689872
          ],
          [
            -86.6969878,
            36.2689059
          ],
          [
            -86.6971015,
            36.2688249
          ],
          [
            -86.6972136,
            36.2687439
          ],
          [
            -86.697339,
            36.2686524
          ],
          [
            -86.6974366,
            36.2685816
          ],
          [
            -86.6975485,
            36.2685003
          ],
          [
            -86.6976746,
            36.2684092
          ],
          [
            -86.6977729,
            36.2683396
          ],
          [
            -86.6978966,
            36.2682481
          ],
          [
            -86.6980083,
            36.2681673
          ],
          [
            -86.6981202,
            36.2680872
          ],
          [
            -86.6982316,
            36.2680066
          ],
          [
            -86.6983437,
            36.2679248
          ],
          [
            -86.6984569,
            36.2678431
          ],
          [
            -86.6985705,
            36.2677614
          ],
          [
            -86.6986824,
            36.2676815
          ],
          [
            -86.6987928,
            36.2676002
          ],
          [
            -86.6989019,
            36.2675209
          ],
          [
            -86.6990084,
            36.2674454
          ],
          [
            -86.6990975,
            36.2673845
          ],
          [
            -86.699204,
            36.2673069
          ],
          [
            -86.6992978,
            36.2672322
          ],
          [
            -86.6993954,
            36.2671576
          ],
          [
            -86.6994862,
            36.2670933
          ],
          [
            -86.6995896,
            36.2670185
          ],
          [
            -86.699693,
            36.2669454
          ],
          [
            -86.6998077,
            36.2668638
          ],
          [
            -86.6998962,
            36.2668
          ],
          [
            -86.700009,
            36.2667167
          ],
          [
            -86.7001099,
            36.2666414
          ],
          [
            -86.7002119,
            36.2665674
          ],
          [
            -86.7003145,
            36.2664932
          ],
          [
            -86.7004167,
            36.2664174
          ],
          [
            -86.7005226,
            36.2663423
          ],
          [
            -86.7006273,
            36.2662644
          ],
          [
            -86.7007335,
            36.2661861
          ],
          [
            -86.7008416,
            36.2661089
          ],
          [
            -86.7009507,
            36.26603
          ],
          [
            -86.701061,
            36.265949
          ],
          [
            -86.7011735,
            36.2658677
          ],
          [
            -86.7012879,
            36.2657851
          ],
          [
            -86.701404,
            36.2657023
          ],
          [
            -86.7015203,
            36.2656193
          ],
          [
            -86.701635,
            36.2655369
          ],
          [
            -86.7017503,
            36.2654579
          ],
          [
            -86.7018609,
            36.2653791
          ],
          [
            -86.7019699,
            36.265299
          ],
          [
            -86.7020786,
            36.2652202
          ],
          [
            -86.7021888,
            36.2651427
          ],
          [
            -86.702299,
            36.2650633
          ],
          [
            -86.7024091,
            36.2649856
          ],
          [
            -86.702517,
            36.2649074
          ],
          [
            -86.702625,
            36.2648286
          ],
          [
            -86.7027336,
            36.2647475
          ],
          [
            -86.702844,
            36.2646671
          ],
          [
            -86.7029548,
            36.2645853
          ],
          [
            -86.7030676,
            36.2645031
          ],
          [
            -86.7031809,
            36.2644212
          ],
          [
            -86.7032933,
            36.2643394
          ],
          [
            -86.7034067,
            36.2642576
          ],
          [
            -86.70352,
            36.2641761
          ],
          [
            -86.7036178,
            36.264105
          ],
          [
            -86.7037417,
            36.2640143
          ],
          [
            -86.7038393,
            36.2639419
          ],
          [
            -86.7039537,
            36.2638604
          ],
          [
            -86.7040671,
            36.263777
          ],
          [
            -86.7041972,
            36.2636828
          ],
          [
            -86.704299,
            36.2636091
          ],
          [
            -86.7044157,
            36.2635243
          ],
          [
            -86.7045476,
            36.2634276
          ],
          [
            -86.7046665,
            36.2633421
          ],
          [
            -86.7047858,
            36.2632559
          ],
          [
            -86.7049063,
            36.2631681
          ],
          [
            -86.7050278,
            36.263079
          ],
          [
            -86.7051518,
            36.26299
          ],
          [
            -86.7052599,
            36.2629112
          ],
          [
            -86.7053851,
            36.2628198
          ],
          [
            -86.7055124,
            36.2627288
          ],
          [
            -86.7056382,
            36.2626352
          ],
          [
            -86.7057666,
            36.2625436
          ],
          [
            -86.7058942,
            36.2624518
          ],
          [
            -86.7060358,
            36.2623476
          ],
          [
            -86.7061616,
            36.2622562
          ],
          [
            -86.7062892,
            36.2621653
          ],
          [
            -86.7064163,
            36.2620741
          ],
          [
            -86.7065434,
            36.2619821
          ],
          [
            -86.7066713,
            36.26189
          ],
          [
            -86.7067996,
            36.2617976
          ],
          [
            -86.7069291,
            36.2617042
          ],
          [
            -86.7070429,
            36.2616222
          ],
          [
            -86.7071717,
            36.2615278
          ],
          [
            -86.7073149,
            36.2614228
          ],
          [
            -86.7074427,
            36.2613269
          ],
          [
            -86.7075749,
            36.2612333
          ],
          [
            -86.7077055,
            36.2611378
          ],
          [
            -86.7078358,
            36.2610423
          ],
          [
            -86.7079661,
            36.2609489
          ],
          [
            -86.708092,
            36.2608592
          ],
          [
            -86.7082147,
            36.2607763
          ],
          [
            -86.7083157,
            36.2607028
          ],
          [
            -86.7084267,
            36.2606167
          ],
          [
            -86.7085458,
            36.2605307
          ],
          [
            -86.7086666,
            36.2604448
          ],
          [
            -86.7088004,
            36.2603491
          ],
          [
            -86.7089044,
            36.2602737
          ],
          [
            -86.7090372,
            36.2601759
          ],
          [
            -86.7091421,
            36.2601016
          ],
          [
            -86.7092606,
            36.2600138
          ],
          [
            -86.7093817,
            36.2599256
          ],
          [
            -86.7095036,
            36.2598404
          ],
          [
            -86.7096399,
            36.2597421
          ],
          [
            -86.70976,
            36.2596515
          ],
          [
            -86.7098693,
            36.2595741
          ],
          [
            -86.7099904,
            36.2594867
          ],
          [
            -86.7101089,
            36.259401
          ],
          [
            -86.7102267,
            36.2593213
          ],
          [
            -86.7103515,
            36.2592321
          ],
          [
            -86.7104578,
            36.2591517
          ],
          [
            -86.7105634,
            36.2590718
          ],
          [
            -86.710671,
            36.2589933
          ],
          [
            -86.7107806,
            36.2589143
          ],
          [
            -86.7108937,
            36.2588317
          ],
          [
            -86.7110096,
            36.2587503
          ],
          [
            -86.7111243,
            36.2586668
          ],
          [
            -86.7112412,
            36.2585818
          ],
          [
            -86.7113586,
            36.2584967
          ],
          [
            -86.7114763,
            36.2584106
          ],
          [
            -86.7115938,
            36.2583267
          ],
          [
            -86.7117106,
            36.2582425
          ],
          [
            -86.7118268,
            36.2581574
          ],
          [
            -86.7119282,
            36.2580834
          ],
          [
            -86.7120427,
            36.2580025
          ],
          [
            -86.7121676,
            36.2579144
          ],
          [
            -86.7122762,
            36.257834
          ],
          [
            -86.7123879,
            36.2577508
          ],
          [
            -86.7124984,
            36.2576731
          ],
          [
            -86.7126015,
            36.2575987
          ],
          [
            -86.7127052,
            36.2575224
          ],
          [
            -86.7127971,
            36.2574541
          ],
          [
            -86.7129065,
            36.2573739
          ],
          [
            -86.7130306,
            36.2572829
          ],
          [
            -86.7131447,
            36.2572012
          ],
          [
            -86.7132613,
            36.2571192
          ],
          [
            -86.7133766,
            36.2570353
          ],
          [
            -86.7134906,
            36.2569532
          ],
          [
            -86.7136026,
            36.2568752
          ],
          [
            -86.7137131,
            36.2567968
          ],
          [
            -86.7138211,
            36.2567154
          ],
          [
            -86.7139333,
            36.2566308
          ],
          [
            -86.7140499,
            36.2565468
          ],
          [
            -86.7141647,
            36.256463
          ],
          [
            -86.714276,
            36.2563756
          ],
          [
            -86.7143837,
            36.2563061
          ],
          [
            -86.7144473,
            36.2562752
          ],
          [
            -86.7144677,
            36.2562052
          ],
          [
            -86.7145235,
            36.2561191
          ],
          [
            -86.714605,
            36.2560235
          ],
          [
            -86.7146956,
            36.2559198
          ],
          [
            -86.7147889,
            36.2558105
          ],
          [
            -86.71487,
            36.2557127
          ],
          [
            -86.7149733,
            36.2555864
          ],
          [
            -86.7150673,
            36.2554749
          ],
          [
            -86.7151593,
            36.2553618
          ],
          [
            -86.7152516,
            36.255248
          ],
          [
            -86.7153444,
            36.255134
          ],
          [
            -86.7154377,
            36.2550199
          ],
          [
            -86.7155317,
            36.2549061
          ],
          [
            -86.7156236,
            36.2547904
          ],
          [
            -86.71572,
            36.2546763
          ],
          [
            -86.7158148,
            36.2545605
          ],
          [
            -86.7159107,
            36.2544442
          ],
          [
            -86.7160061,
            36.254328
          ],
          [
            -86.7161009,
            36.2542102
          ],
          [
            -86.716198,
            36.2540929
          ],
          [
            -86.7162925,
            36.2539752
          ],
          [
            -86.7163834,
            36.2538589
          ],
          [
            -86.7164727,
            36.2537473
          ],
          [
            -86.7165506,
            36.2536517
          ],
          [
            -86.7166119,
            36.2535778
          ],
          [
            -86.7166525,
            36.2535273
          ],
          [
            -86.7166753,
            36.2535002
          ],
          [
            -86.7166824,
            36.2534918
          ],
          [
            -86.7166837,
            36.25349
          ],
          [
            -86.7166844,
            36.253489
          ],
          [
            -86.7166848,
            36.2534886
          ],
          [
            -86.7166847,
            36.2534885
          ],
          [
            -86.7166851,
            36.2534893
          ],
          [
            -86.7166858,
            36.2534905
          ],
          [
            -86.7166874,
            36.2534924
          ],
          [
            -86.7166932,
            36.2534966
          ],
          [
            -86.7167605,
            36.2535227
          ],
          [
            -86.7168556,
            36.2535397
          ],
          [
            -86.7169101,
            36.2535219
          ],
          [
            -86.7169778,
            36.2534906
          ],
          [
            -86.7170722,
            36.253473
          ],
          [
            -86.7171894,
            36.2534626
          ],
          [
            -86.7173015,
            36.2534551
          ],
          [
            -86.7174191,
            36.2534492
          ],
          [
            -86.7175407,
            36.2534373
          ],
          [
            -86.7176608,
            36.2534186
          ],
          [
            -86.7177805,
            36.2533965
          ],
          [
            -86.7178995,
            36.253373
          ],
          [
            -86.7179819,
            36.2533545
          ],
          [
            -86.7179951,
            36.2533538
          ],
          [
            -86.7179953,
            36.2533565
          ],
          [
            -86.7179983,
            36.2533575
          ],
          [
            -86.7180021,
            36.2533582
          ],
          [
            -86.7180332,
            36.2533465
          ],
          [
            -86.7181028,
            36.2533045
          ],
          [
            -86.7181216,
            36.2532911
          ],
          [
            -86.7181717,
            36.2532728
          ],
          [
            -86.7182636,
            36.2532354
          ],
          [
            -86.7183629,
            36.2531899
          ],
          [
            -86.7183968,
            36.2531749
          ],
          [
            -86.7184067,
            36.2531747
          ],
          [
            -86.718417,
            36.2531748
          ],
          [
            -86.7184274,
            36.2531742
          ],
          [
            -86.7184316,
            36.2531742
          ],
          [
            -86.7184097,
            36.253184
          ],
          [
            -86.718369,
            36.2531986
          ],
          [
            -86.7183504,
            36.2532023
          ],
          [
            -86.7183393,
            36.2531875
          ],
          [
            -86.7183278,
            36.2531752
          ],
          [
            -86.7182863,
            36.2531793
          ],
          [
            -86.7181768,
            36.2532041
          ],
          [
            -86.7180584,
            36.2532244
          ],
          [
            -86.7180078,
            36.253221
          ],
          [
            -86.7179365,
            36.2532091
          ],
          [
            -86.7178575,
            36.2531984
          ],
          [
            -86.717758,
            36.2531867
          ],
          [
            -86.7176699,
            36.2531758
          ],
          [
            -86.7175946,
            36.253163
          ],
          [
            -86.7174974,
            36.2531398
          ],
          [
            -86.7174116,
            36.2531133
          ],
          [
            -86.7173319,
            36.2530851
          ],
          [
            -86.7172837,
            36.2530675
          ],
          [
            -86.7172666,
            36.2530623
          ],
          [
            -86.7172656,
            36.2530622
          ],
          [
            -86.7172635,
            36.2530617
          ],
          [
            -86.7172621,
            36.2530617
          ],
          [
            -86.717261,
            36.2530631
          ],
          [
            -86.7172609,
            36.2530644
          ],
          [
            -86.7172619,
            36.2530661
          ],
          [
            -86.7172622,
            36.2530672
          ],
          [
            -86.7172605,
            36.2530666
          ],
          [
            -86.7172585,
            36.253066
          ],
          [
            -86.7172613,
            36.2530701
          ],
          [
            -86.7172621,
            36.2530711
          ],
          [
            -86.7172626,
            36.2530722
          ],
          [
            -86.7172628,
            36.2530732
          ],
          [
            -86.7172618,
            36.2530748
          ],
          [
            -86.7172617,
            36.2530764
          ],
          [
            -86.7172621,
            36.2530775
          ],
          [
            -86.7172624,
            36.2530793
          ],
          [
            -86.7172627,
            36.2530813
          ],
          [
            -86.7172626,
            36.2530825
          ],
          [
            -86.7172623,
            36.253084
          ],
          [
            -86.7172622,
            36.2530855
          ],
          [
            -86.7172901,
            36.2531065
          ],
          [
            -86.7173622,
            36.2531588
          ],
          [
            -86.7174103,
            36.2531799
          ],
          [
            -86.717464,
            36.253159
          ],
          [
            -86.7174996,
            36.2531418
          ],
          [
            -86.717505,
            36.2531441
          ],
          [
            -86.7175215,
            36.2531511
          ],
          [
            -86.7175251,
            36.2531541
          ],
          [
            -86.7175285,
            36.2531553
          ],
          [
            -86.7175211,
            36.2531549
          ],
          [
            -86.7174741,
            36.2531524
          ],
          [
            -86.7174385,
            36.2531435
          ],
          [
            -86.7174302,
            36.2531401
          ],
          [
            -86.7174251,
            36.2531346
          ],
          [
            -86.7173849,
            36.2531153
          ],
          [
            -86.7173685,
            36.2531021
          ],
          [
            -86.717365,
            36.2530997
          ],
          [
            -86.7173628,
            36.2531002
          ],
          [
            -86.7173612,
            36.2530993
          ],
          [
            -86.7173595,
            36.2530985
          ],
          [
            -86.7173617,
            36.2530975
          ],
          [
            -86.7173652,
            36.2530991
          ],
          [
            -86.7173667,
            36.2531004
          ],
          [
            -86.7173653,
            36.2531025
          ],
          [
            -86.7173698,
            36.2531331
          ],
          [
            -86.7173638,
            36.2531504
          ],
          [
            -86.7173429,
            36.2531709
          ],
          [
            -86.7173154,
            36.2531858
          ],
          [
            -86.7172953,
            36.2531999
          ],
          [
            -86.7172934,
            36.2532053
          ],
          [
            -86.7172929,
            36.2532075
          ],
          [
            -86.7172936,
            36.2532095
          ],
          [
            -86.7172935,
            36.2532092
          ],
          [
            -86.717288,
            36.2532125
          ],
          [
            -86.7172878,
            36.2532138
          ],
          [
            -86.7172907,
            36.2532132
          ],
          [
            -86.717291,
            36.2532126
          ],
          [
            -86.7172908,
            36.2532123
          ],
          [
            -86.7172911,
            36.2532109
          ],
          [
            -86.7172898,
            36.25321
          ],
          [
            -86.7172902,
            36.2532085
          ],
          [
            -86.7172909,
            36.25321
          ],
          [
            -86.717291,
            36.2532104
          ],
          [
            -86.7172915,
            36.2532096
          ],
          [
            -86.7172934,
            36.2532099
          ],
          [
            -86.7172945,
            36.253209
          ],
          [
            -86.7172958,
            36.2532075
          ],
          [
            -86.7172982,
            36.2532071
          ],
          [
            -86.7173004,
            36.2532071
          ],
          [
            -86.7173002,
            36.2532077
          ],
          [
            -86.7172989,
            36.2532092
          ],
          [
            -86.7172979,
            36.2532106
          ],
          [
            -86.7172983,
            36.253212
          ],
          [
            -86.7172978,
            36.2532131
          ],
          [
            -86.7172973,
            36.253214
          ],
          [
            -86.7172958,
            36.2532141
          ],
          [
            -86.7172937,
            36.2532148
          ],
          [
            -86.7172921,
            36.2532156
          ],
          [
            -86.7172902,
            36.2532165
          ],
          [
            -86.717288,
            36.2532173
          ],
          [
            -86.717285,
            36.2532179
          ],
          [
            -86.7172825,
            36.2532184
          ],
          [
            -86.7172794,
            36.253219
          ],
          [
            -86.7172717,
            36.2532138
          ],
          [
            -86.7172738,
            36.253183
          ],
          [
            -86.7172831,
            36.2531505
          ],
          [
            -86.7172866,
            36.2531413
          ],
          [
            -86.7172863,
            36.2531417
          ],
          [
            -86.7172864,
            36.2531435
          ],
          [
            -86.717286,
            36.2531447
          ],
          [
            -86.7172897,
            36.2531522
          ],
          [
            -86.7172955,
            36.2531496
          ],
          [
            -86.7173061,
            36.2531347
          ],
          [
            -86.7173083,
            36.2531302
          ],
          [
            -86.7173078,
            36.2531299
          ],
          [
            -86.7173081,
            36.2531299
          ],
          [
            -86.7173084,
            36.2531291
          ],
          [
            -86.7173089,
            36.253128
          ],
          [
            -86.7173337,
            36.2530962
          ],
          [
            -86.717368,
            36.2530484
          ],
          [
            -86.7173964,
            36.2530067
          ],
          [
            -86.7174155,
            36.2529764
          ],
          [
            -86.7174286,
            36.2529512
          ],
          [
            -86.7174343,
            36.2529404
          ],
          [
            -86.7174361,
            36.2529379
          ],
          [
            -86.7174371,
            36.2529374
          ],
          [
            -86.717437,
            36.2529368
          ],
          [
            -86.7174373,
            36.2529365
          ],
          [
            -86.7174241,
            36.2529197
          ],
          [
            -86.7173972,
            36.2528526
          ],
          [
            -86.7173741,
            36.2527604
          ],
          [
            -86.717365,
            36.2527073
          ],
          [
            -86.7173529,
            36.2526812
          ],
          [
            -86.7173225,
            36.2526655
          ],
          [
            -86.7172697,
            36.2526782
          ],
          [
            -86.7172342,
            36.2526966
          ],
          [
            -86.7172179,
            36.2527074
          ],
          [
            -86.7172139,
            36.2527083
          ],
          [
            -86.7172117,
            36.2527077
          ],
          [
            -86.717229,
            36.2526789
          ],
          [
            -86.7172598,
            36.252644
          ],
          [
            -86.7172754,
            36.2526285
          ],
          [
            -86.7172788,
            36.252626
          ],
          [
            -86.7172816,
            36.2526233
          ],
          [
            -86.7172854,
            36.2526216
          ],
          [
            -86.7172906,
            36.2526326
          ],
          [
            -86.7173449,
            36.2526761
          ],
          [
            -86.7174475,
            36.2527031
          ],
          [
            -86.7174947,
            36.2527072
          ],
          [
            -86.7175063,
            36.2527075
          ],
          [
            -86.7175069,
            36.2527053
          ],
          [
            -86.7175222,
            36.2527096
          ],
          [
            -86.7175751,
            36.2527277
          ],
          [
            -86.7176487,
            36.2527561
          ],
          [
            -86.7177143,
            36.2527815
          ],
          [
            -86.7177604,
            36.2527994
          ],
          [
            -86.7177948,
            36.252814
          ],
          [
            -86.7178024,
            36.2528201
          ],
          [
            -86.7177975,
            36.252816
          ],
          [
            -86.7178263,
            36.2528256
          ],
          [
            -86.7178808,
            36.2528471
          ],
          [
            -86.7179625,
            36.2528806
          ],
          [
            -86.7180154,
            36.2529019
          ],
          [
            -86.7180175,
            36.2529033
          ],
          [
            -86.7180191,
            36.2529056
          ],
          [
            -86.7180197,
            36.2529076
          ],
          [
            -86.7180337,
            36.2529063
          ],
          [
            -86.7180389,
            36.2529053
          ],
          [
            -86.718041,
            36.2529051
          ],
          [
            -86.718042,
            36.2529046
          ],
          [
            -86.7180425,
            36.2529044
          ],
          [
            -86.7180431,
            36.2529043
          ],
          [
            -86.7180436,
            36.2529045
          ],
          [
            -86.7180444,
            36.2529046
          ],
          [
            -86.7180449,
            36.2529048
          ],
          [
            -86.7180459,
            36.2529058
          ],
          [
            -86.7180465,
            36.2529072
          ],
          [
            -86.7180479,
            36.2529084
          ],
          [
            -86.7180488,
            36.2529099
          ],
          [
            -86.7180488,
            36.2529105
          ],
          [
            -86.7180263,
            36.2528994
          ],
          [
            -86.7179638,
            36.2528747
          ],
          [
            -86.7179281,
            36.2528598
          ],
          [
            -86.7179285,
            36.2528612
          ],
          [
            -86.7179267,
            36.2528616
          ],
          [
            -86.7179245,
            36.2528604
          ],
          [
            -86.7179228,
            36.2528599
          ],
          [
            -86.7179193,
            36.2528598
          ],
          [
            -86.7179176,
            36.2528596
          ],
          [
            -86.7179167,
            36.2528611
          ],
          [
            -86.7178937,
            36.2528796
          ],
          [
            -86.7179366,
            36.2528969
          ],
          [
            -86.7179999,
            36.2529164
          ],
          [
            -86.7180313,
            36.2529414
          ],
          [
            -86.7180379,
            36.2529438
          ],
          [
            -86.718081,
            36.2529521
          ],
          [
            -86.7181383,
            36.252957
          ],
          [
            -86.7181728,
            36.2529604
          ],
          [
            -86.7181824,
            36.2529608
          ],
          [
            -86.7181884,
            36.2529633
          ],
          [
            -86.7182108,
            36.2529725
          ],
          [
            -86.7182385,
            36.2529807
          ],
          [
            -86.7182609,
            36.2529881
          ],
          [
            -86.7182741,
            36.2529924
          ],
          [
            -86.7182867,
            36.2529968
          ],
          [
            -86.7182964,
            36.2530009
          ],
          [
            -86.7182965,
            36.253006
          ],
          [
            -86.7183353,
            36.2530555
          ],
          [
            -86.718403,
            36.2531052
          ],
          [
            -86.7184881,
            36.2531557
          ],
          [
            -86.7185936,
            36.2532253
          ],
          [
            -86.718704,
            36.2532906
          ],
          [
            -86.7188139,
            36.2533526
          ],
          [
            -86.7189151,
            36.2534127
          ],
          [
            -86.7190148,
            36.2534481
          ],
          [
            -86.7191276,
            36.2534814
          ],
          [
            -86.7192164,
            36.2534985
          ],
          [
            -86.7192336,
            36.2535008
          ],
          [
            -86.7192558,
            36.2534979
          ],
          [
            -86.7193007,
            36.253505
          ],
          [
            -86.7193849,
            36.2535421
          ],
          [
            -86.7194672,
            36.2535898
          ],
          [
            -86.719538,
            36.2536359
          ],
          [
            -86.719588,
            36.253671
          ],
          [
            -86.7196002,
            36.2536782
          ],
          [
            -86.7196526,
            36.2537162
          ],
          [
            -86.7196884,
            36.2537412
          ],
          [
            -86.719695,
            36.2537436
          ],
          [
            -86.7197006,
            36.2537483
          ],
          [
            -86.7197067,
            36.2537532
          ],
          [
            -86.7197143,
            36.2537591
          ],
          [
            -86.7197161,
            36.2537603
          ],
          [
            -86.7197471,
            36.2537853
          ],
          [
            -86.7198331,
            36.2538475
          ],
          [
            -86.7199234,
            36.2539108
          ],
          [
            -86.7199953,
            36.2539632
          ],
          [
            -86.720081,
            36.2540243
          ],
          [
            -86.7201789,
            36.2540923
          ],
          [
            -86.7202819,
            36.2541195
          ],
          [
            -86.7203782,
            36.2540913
          ],
          [
            -86.7204519,
            36.2540357
          ],
          [
            -86.7204567,
            36.2540062
          ],
          [
            -86.7204591,
            36.2539717
          ],
          [
            -86.7205036,
            36.2539121
          ],
          [
            -86.7205733,
            36.2538371
          ],
          [
            -86.7206007,
            36.2538042
          ],
          [
            -86.7206092,
            36.2537828
          ],
          [
            -86.7206439,
            36.2537157
          ],
          [
            -86.7206978,
            36.2536412
          ],
          [
            -86.7207113,
            36.2536209
          ],
          [
            -86.7207126,
            36.2536177
          ],
          [
            -86.7207129,
            36.2536153
          ],
          [
            -86.7207126,
            36.253614
          ],
          [
            -86.7207122,
            36.2536134
          ],
          [
            -86.7207125,
            36.2536139
          ],
          [
            -86.7207128,
            36.2536157
          ],
          [
            -86.7207136,
            36.2536184
          ],
          [
            -86.7207141,
            36.2536211
          ],
          [
            -86.7207157,
            36.2536205
          ],
          [
            -86.7207182,
            36.2536154
          ],
          [
            -86.7207273,
            36.2536119
          ],
          [
            -86.7207302,
            36.2536113
          ],
          [
            -86.7207305,
            36.2536138
          ],
          [
            -86.720734,
            36.2536134
          ],
          [
            -86.7207523,
            36.2535986
          ],
          [
            -86.7207563,
            36.253597
          ],
          [
            -86.7207583,
            36.2535957
          ],
          [
            -86.7207585,
            36.2535953
          ],
          [
            -86.7207587,
            36.2535944
          ],
          [
            -86.720759,
            36.2535944
          ],
          [
            -86.7207599,
            36.2535926
          ],
          [
            -86.7207604,
            36.2535946
          ],
          [
            -86.7207593,
            36.2535954
          ],
          [
            -86.7207598,
            36.2535968
          ],
          [
            -86.7207584,
            36.2535996
          ],
          [
            -86.7207558,
            36.2536018
          ],
          [
            -86.7207556,
            36.2536056
          ],
          [
            -86.720754,
            36.2536094
          ],
          [
            -86.7207517,
            36.2536114
          ],
          [
            -86.7207506,
            36.2536138
          ],
          [
            -86.720758,
            36.2536056
          ],
          [
            -86.7207674,
            36.2535931
          ],
          [
            -86.7207677,
            36.2535947
          ],
          [
            -86.7207675,
            36.253595
          ],
          [
            -86.7207672,
            36.2535947
          ],
          [
            -86.7207675,
            36.2535947
          ],
          [
            -86.7207682,
            36.2535948
          ],
          [
            -86.7207686,
            36.2535957
          ],
          [
            -86.7207692,
            36.2535963
          ],
          [
            -86.7207689,
            36.2535973
          ],
          [
            -86.7207688,
            36.2535983
          ],
          [
            -86.7207681,
            36.2536002
          ],
          [
            -86.7207713,
            36.2535985
          ],
          [
            -86.7207724,
            36.2535983
          ],
          [
            -86.7207725,
            36.2535987
          ],
          [
            -86.7207722,
            36.2535995
          ],
          [
            -86.7207727,
            36.2535994
          ],
          [
            -86.7207722,
            36.2536002
          ],
          [
            -86.7207723,
            36.2536009
          ],
          [
            -86.7207716,
            36.2536014
          ],
          [
            -86.720771,
            36.2536016
          ],
          [
            -86.7207712,
            36.2536017
          ],
          [
            -86.7207739,
            36.2535992
          ],
          [
            -86.7207739,
            36.2535991
          ],
          [
            -86.7207774,
            36.2535972
          ],
          [
            -86.7207953,
            36.2535808
          ],
          [
            -86.720797,
            36.2535723
          ],
          [
            -86.7207977,
            36.2535704
          ],
          [
            -86.7207981,
            36.2535687
          ],
          [
            -86.720799,
            36.2535702
          ],
          [
            -86.7207987,
            36.2535697
          ],
          [
            -86.7207968,
            36.2535698
          ],
          [
            -86.720797,
            36.2535702
          ],
          [
            -86.7207966,
            36.2535708
          ],
          [
            -86.7207955,
            36.2535713
          ],
          [
            -86.7207952,
            36.2535716
          ],
          [
            -86.7207958,
            36.2535724
          ],
          [
            -86.7207956,
            36.2535734
          ],
          [
            -86.7207952,
            36.2535742
          ],
          [
            -86.7207943,
            36.2535745
          ],
          [
            -86.7207942,
            36.2535754
          ],
          [
            -86.7207943,
            36.2535754
          ],
          [
            -86.7207945,
            36.2535758
          ],
          [
            -86.7207952,
            36.2535768
          ],
          [
            -86.720796,
            36.253578
          ],
          [
            -86.7207967,
            36.2535794
          ],
          [
            -86.7207971,
            36.2535804
          ],
          [
            -86.7207975,
            36.2535808
          ],
          [
            -86.7207984,
            36.2535811
          ],
          [
            -86.7207988,
            36.2535827
          ],
          [
            -86.7208,
            36.2535846
          ],
          [
            -86.7208,
            36.2535852
          ],
          [
            -86.7208,
            36.2535853
          ],
          [
            -86.7207999,
            36.2535852
          ],
          [
            -86.7208001,
            36.2535852
          ],
          [
            -86.7208003,
            36.2535854
          ],
          [
            -86.7208004,
            36.2535857
          ],
          [
            -86.7208009,
            36.2535858
          ],
          [
            -86.7208008,
            36.2535854
          ],
          [
            -86.7208005,
            36.2535852
          ],
          [
            -86.7208007,
            36.2535854
          ],
          [
            -86.7208006,
            36.2535856
          ],
          [
            -86.7208003,
            36.2535861
          ],
          [
            -86.7207999,
            36.2535862
          ],
          [
            -86.7207996,
            36.2535865
          ],
          [
            -86.7207993,
            36.2535866
          ],
          [
            -86.7207994,
            36.2535865
          ],
          [
            -86.7207998,
            36.2535868
          ],
          [
            -86.7208001,
            36.2535879
          ],
          [
            -86.7207999,
            36.2535878
          ],
          [
            -86.7208003,
            36.2535879
          ],
          [
            -86.7207996,
            36.2535888
          ],
          [
            -86.7207999,
            36.2535883
          ],
          [
            -86.720801,
            36.2535874
          ],
          [
            -86.7208019,
            36.253588
          ],
          [
            -86.7208028,
            36.2535885
          ],
          [
            -86.7208035,
            36.2535888
          ],
          [
            -86.7208041,
            36.2535891
          ],
          [
            -86.7208041,
            36.2535894
          ],
          [
            -86.7208044,
            36.2535888
          ],
          [
            -86.720805,
            36.253589
          ],
          [
            -86.7208055,
            36.2535895
          ],
          [
            -86.720806,
            36.2535904
          ],
          [
            -86.7208061,
            36.2535905
          ],
          [
            -86.7208058,
            36.2535911
          ],
          [
            -86.7208054,
            36.253592
          ],
          [
            -86.7208047,
            36.2535929
          ],
          [
            -86.7208043,
            36.2535923
          ],
          [
            -86.7208047,
            36.2535926
          ],
          [
            -86.7208035,
            36.2535925
          ],
          [
            -86.7208042,
            36.2535921
          ],
          [
            -86.7208052,
            36.2535919
          ],
          [
            -86.7207603,
            36.2536242
          ],
          [
            -86.7206647,
            36.2536907
          ],
          [
            -86.7205624,
            36.2537724
          ],
          [
            -86.7204837,
            36.2538679
          ],
          [
            -86.7204098,
            36.2539651
          ],
          [
            -86.7203345,
            36.2540629
          ],
          [
            -86.720259,
            36.254161
          ],
          [
            -86.7201804,
            36.2542566
          ],
          [
            -86.7201358,
            36.2543113
          ],
          [
            -86.7201311,
            36.2543208
          ],
          [
            -86.7201312,
            36.2543219
          ],
          [
            -86.7201309,
            36.254323
          ],
          [
            -86.7201301,
            36.254324
          ],
          [
            -86.7201192,
            36.2543311
          ],
          [
            -86.7200795,
            36.2543558
          ],
          [
            -86.7200135,
            36.254398
          ],
          [
            -86.7199221,
            36.2544569
          ],
          [
            -86.7198048,
            36.2545327
          ],
          [
            -86.7196697,
            36.2546214
          ],
          [
            -86.7195325,
            36.2547108
          ],
          [
            -86.7193944,
            36.2548005
          ],
          [
            -86.7192557,
            36.2548911
          ],
          [
            -86.7191177,
            36.2549813
          ],
          [
            -86.7189797,
            36.2550721
          ],
          [
            -86.7188399,
            36.2551615
          ],
          [
            -86.7187017,
            36.2552526
          ],
          [
            -86.718563,
            36.2553424
          ],
          [
            -86.7184241,
            36.2554331
          ],
          [
            -86.7182849,
            36.2555232
          ],
          [
            -86.7181463,
            36.2556133
          ],
          [
            -86.7180077,
            36.2557033
          ],
          [
            -86.7178706,
            36.2557937
          ],
          [
            -86.7177319,
            36.2558834
          ],
          [
            -86.7175931,
            36.2559739
          ],
          [
            -86.7174543,
            36.256064
          ],
          [
            -86.7173157,
            36.2561541
          ],
          [
            -86.7171758,
            36.2562446
          ],
          [
            -86.7170547,
            36.2563233
          ],
          [
            -86.7168984,
            36.256425
          ],
          [
            -86.7167598,
            36.2565146
          ],
          [
            -86.7166216,
            36.256605
          ],
          [
            -86.7164842,
            36.256695
          ],
          [
            -86.7163456,
            36.256785
          ],
          [
            -86.7162078,
            36.2568753
          ],
          [
            -86.7160683,
            36.2569651
          ],
          [
            -86.7159475,
            36.2570434
          ],
          [
            -86.7157912,
            36.2571447
          ],
          [
            -86.7156511,
            36.2572344
          ],
          [
            -86.7155123,
            36.2573253
          ],
          [
            -86.7153741,
            36.2574155
          ],
          [
            -86.7152354,
            36.2575052
          ],
          [
            -86.7150966,
            36.257595
          ],
          [
            -86.7149579,
            36.2576851
          ],
          [
            -86.7148377,
            36.2577654
          ],
          [
            -86.7146987,
            36.2578553
          ],
          [
            -86.7145429,
            36.2579567
          ],
          [
            -86.7144213,
            36.2580351
          ],
          [
            -86.714282,
            36.2581249
          ],
          [
            -86.7141439,
            36.2582153
          ],
          [
            -86.7140045,
            36.2583046
          ],
          [
            -86.7138669,
            36.258395
          ],
          [
            -86.7137289,
            36.2584849
          ],
          [
            -86.7135737,
            36.2585867
          ],
          [
            -86.7134347,
            36.258676
          ],
          [
            -86.7132973,
            36.2587662
          ],
          [
            -86.7131591,
            36.258857
          ],
          [
            -86.7130189,
            36.2589474
          ],
          [
            -86.7128799,
            36.2590372
          ],
          [
            -86.712757,
            36.2591146
          ],
          [
            -86.7126184,
            36.259205
          ],
          [
            -86.7124793,
            36.2592959
          ],
          [
            -86.7123228,
            36.259396
          ],
          [
            -86.7122021,
            36.2594753
          ],
          [
            -86.7120637,
            36.2595655
          ],
          [
            -86.7119251,
            36.2596557
          ],
          [
            -86.7117691,
            36.2597586
          ],
          [
            -86.7116299,
            36.2598486
          ],
          [
            -86.7114907,
            36.2599388
          ],
          [
            -86.7113687,
            36.2600183
          ],
          [
            -86.71123,
            36.2601087
          ],
          [
            -86.7110908,
            36.2601987
          ],
          [
            -86.7109515,
            36.2602891
          ],
          [
            -86.7108121,
            36.2603792
          ],
          [
            -86.7106734,
            36.2604695
          ],
          [
            -86.7105172,
            36.260571
          ],
          [
            -86.7103957,
            36.2606503
          ],
          [
            -86.710257,
            36.2607408
          ],
          [
            -86.7101185,
            36.260831
          ],
          [
            -86.7099631,
            36.2609322
          ],
          [
            -86.7098247,
            36.2610221
          ],
          [
            -86.7096872,
            36.2611122
          ],
          [
            -86.7095485,
            36.2612022
          ],
          [
            -86.7094095,
            36.261292
          ],
          [
            -86.7092881,
            36.2613719
          ],
          [
            -86.7091322,
            36.2614727
          ],
          [
            -86.7089927,
            36.2615619
          ],
          [
            -86.7088543,
            36.2616527
          ],
          [
            -86.7087326,
            36.2617315
          ],
          [
            -86.7085943,
            36.261822
          ],
          [
            -86.7084571,
            36.2619126
          ],
          [
            -86.7083177,
            36.2620022
          ],
          [
            -86.7081792,
            36.2620925
          ],
          [
            -86.7080408,
            36.2621825
          ],
          [
            -86.7079022,
            36.2622729
          ],
          [
            -86.7077635,
            36.2623629
          ],
          [
            -86.7076243,
            36.262454
          ],
          [
            -86.7074847,
            36.2625435
          ],
          [
            -86.7073282,
            36.2626441
          ],
          [
            -86.70719,
            36.2627345
          ],
          [
            -86.707069,
            36.2628128
          ],
          [
            -86.7069121,
            36.2629139
          ],
          [
            -86.7067745,
            36.2630052
          ],
          [
            -86.7066533,
            36.2630837
          ],
          [
            -86.7065151,
            36.2631745
          ],
          [
            -86.7063755,
            36.2632644
          ],
          [
            -86.7062371,
            36.263355
          ],
          [
            -86.7060797,
            36.2634557
          ],
          [
            -86.7059579,
            36.2635356
          ],
          [
            -86.7058182,
            36.2636259
          ],
          [
            -86.7056619,
            36.263727
          ],
          [
            -86.7055223,
            36.2638185
          ],
          [
            -86.7053835,
            36.2639092
          ],
          [
            -86.7052441,
            36.2639993
          ],
          [
            -86.7051047,
            36.264089
          ],
          [
            -86.7049659,
            36.2641807
          ],
          [
            -86.7048446,
            36.2642599
          ],
          [
            -86.7046885,
            36.2643612
          ],
          [
            -86.7045673,
            36.26444
          ],
          [
            -86.7044285,
            36.2645298
          ],
          [
            -86.7042898,
            36.2646199
          ],
          [
            -86.7041506,
            36.26471
          ],
          [
            -86.7039941,
            36.2648114
          ],
          [
            -86.7038552,
            36.2649016
          ],
          [
            -86.7037331,
            36.26498
          ],
          [
            -86.7035777,
            36.2650811
          ],
          [
            -86.7034574,
            36.2651597
          ],
          [
            -86.7033024,
            36.265262
          ],
          [
            -86.7031804,
            36.2653405
          ],
          [
            -86.7030411,
            36.2654301
          ],
          [
            -86.7029027,
            36.2655208
          ],
          [
            -86.7027461,
            36.2656224
          ],
          [
            -86.7026244,
            36.2657013
          ],
          [
            -86.7024849,
            36.2657909
          ],
          [
            -86.7023466,
            36.2658821
          ],
          [
            -86.7022076,
            36.2659721
          ],
          [
            -86.7020691,
            36.2660623
          ],
          [
            -86.7019304,
            36.2661519
          ],
          [
            -86.701792,
            36.2662429
          ],
          [
            -86.7016539,
            36.2663322
          ],
          [
            -86.7015153,
            36.2664223
          ],
          [
            -86.7013766,
            36.2665117
          ],
          [
            -86.7012381,
            36.2666013
          ],
          [
            -86.7010991,
            36.2666911
          ],
          [
            -86.70096,
            36.2667814
          ],
          [
            -86.7008213,
            36.2668719
          ],
          [
            -86.7006829,
            36.2669625
          ],
          [
            -86.7005444,
            36.2670523
          ],
          [
            -86.7004074,
            36.2671429
          ],
          [
            -86.7002513,
            36.2672445
          ],
          [
            -86.7001309,
            36.2673239
          ],
          [
            -86.6999922,
            36.2674142
          ],
          [
            -86.6998532,
            36.2675037
          ],
          [
            -86.6997147,
            36.2675944
          ],
          [
            -86.6995752,
            36.2676847
          ],
          [
            -86.6994364,
            36.2677735
          ],
          [
            -86.6992975,
            36.2678636
          ],
          [
            -86.6991602,
            36.2679543
          ],
          [
            -86.6990204,
            36.2680442
          ],
          [
            -86.6988804,
            36.2681344
          ],
          [
            -86.698743,
            36.2682247
          ],
          [
            -86.6986038,
            36.268314
          ],
          [
            -86.6984665,
            36.2684033
          ],
          [
            -86.6983288,
            36.2684925
          ],
          [
            -86.6981915,
            36.2685833
          ],
          [
            -86.6980529,
            36.2686731
          ],
          [
            -86.6979147,
            36.2687638
          ],
          [
            -86.6977763,
            36.2688543
          ],
          [
            -86.6976362,
            36.2689442
          ],
          [
            -86.6974966,
            36.2690348
          ],
          [
            -86.6973575,
            36.2691243
          ],
          [
            -86.6972184,
            36.2692154
          ],
          [
            -86.6970792,
            36.2693052
          ],
          [
            -86.6969408,
            36.2693953
          ],
          [
            -86.6968039,
            36.2694842
          ],
          [
            -86.6966662,
            36.2695742
          ],
          [
            -86.6965301,
            36.2696629
          ],
          [
            -86.6963932,
            36.2697525
          ],
          [
            -86.6962569,
            36.2698405
          ],
          [
            -86.696118,
            36.269931
          ],
          [
            -86.6959795,
            36.2700207
          ],
          [
            -86.6958416,
            36.2701116
          ],
          [
            -86.6957029,
            36.2702022
          ],
          [
            -86.6955628,
            36.2702915
          ],
          [
            -86.695424,
            36.2703815
          ],
          [
            -86.6952849,
            36.270472
          ],
          [
            -86.6951462,
            36.2705626
          ],
          [
            -86.695007,
            36.2706533
          ],
          [
            -86.6948678,
            36.2707437
          ],
          [
            -86.6947287,
            36.2708338
          ],
          [
            -86.69459,
            36.2709241
          ],
          [
            -86.694451,
            36.2710144
          ],
          [
            -86.6943121,
            36.2711039
          ],
          [
            -86.6941731,
            36.2711941
          ],
          [
            -86.6940341,
            36.2712841
          ],
          [
            -86.6938961,
            36.2713733
          ],
          [
            -86.6937567,
            36.2714636
          ],
          [
            -86.6936193,
            36.2715542
          ],
          [
            -86.6934805,
            36.2716446
          ],
          [
            -86.6933251,
            36.271746
          ],
          [
            -86.6932039,
            36.2718244
          ],
          [
            -86.6930655,
            36.2719142
          ],
          [
            -86.6929263,
            36.2720046
          ],
          [
            -86.6927881,
            36.2720951
          ],
          [
            -86.6926488,
            36.2721855
          ],
          [
            -86.692509,
            36.2722753
          ],
          [
            -86.6923705,
            36.2723656
          ],
          [
            -86.6922316,
            36.2724562
          ],
          [
            -86.692077,
            36.2725572
          ],
          [
            -86.6919562,
            36.272636
          ],
          [
            -86.6918176,
            36.2727262
          ],
          [
            -86.6916789,
            36.2728166
          ],
          [
            -86.6915395,
            36.2729071
          ],
          [
            -86.6914006,
            36.2729971
          ],
          [
            -86.6912725,
            36.2730803
          ],
          [
            -86.6911565,
            36.2731551
          ],
          [
            -86.6910624,
            36.2732165
          ],
          [
            -86.6909993,
            36.2732595
          ],
          [
            -86.690953,
            36.2732889
          ],
          [
            -86.6909047,
            36.2733211
          ],
          [
            -86.6908583,
            36.2733509
          ],
          [
            -86.6908128,
            36.2733805
          ],
          [
            -86.6907739,
            36.2734051
          ],
          [
            -86.6907492,
            36.2734219
          ],
          [
            -86.6907407,
            36.2734274
          ],
          [
            -86.6907395,
            36.2734285
          ],
          [
            -86.6907421,
            36.2734264
          ],
          [
            -86.6907399,
            36.2734262
          ],
          [
            -86.690734,
            36.2734247
          ],
          [
            -86.690735,
            36.2734266
          ],
          [
            -86.6907368,
            36.2734266
          ],
          [
            -86.6907386,
            36.2734268
          ],
          [
            -86.6907401,
            36.2734273
          ],
          [
            -86.6907426,
            36.2734255
          ],
          [
            -86.6907426,
            36.2734244
          ],
          [
            -86.6907436,
            36.2734242
          ],
          [
            -86.690743,
            36.2734243
          ],
          [
            -86.6907431,
            36.2734243
          ],
          [
            -86.6907423,
            36.2734238
          ],
          [
            -86.6907428,
            36.2734241
          ],
          [
            -86.6907422,
            36.273424
          ],
          [
            -86.6907423,
            36.2734238
          ],
          [
            -86.6907422,
            36.2734236
          ],
          [
            -86.6907421,
            36.2734234
          ],
          [
            -86.690742,
            36.2734233
          ],
          [
            -86.6907419,
            36.273423
          ],
          [
            -86.690742,
            36.2734227
          ],
          [
            -86.690742,
            36.2734225
          ],
          [
            -86.690742,
            36.2734222
          ],
          [
            -86.6907418,
            36.2734219
          ],
          [
            -86.6907415,
            36.2734215
          ],
          [
            -86.6907415,
            36.2734213
          ],
          [
            -86.6907419,
            36.2734213
          ],
          [
            -86.6907421,
            36.2734214
          ],
          [
            -86.690742,
            36.273421
          ],
          [
            -86.6907416,
            36.2734208
          ],
          [
            -86.6907408,
            36.2734208
          ],
          [
            -86.6907403,
            36.2734211
          ],
          [
            -86.6907399,
            36.2734211
          ],
          [
            -86.6907398,
            36.2734211
          ]
        ]
      },
      "properties": {
        "ObjectId": 6,
        "flight_id": "04dc6f30-8911-4a26-b6e8-1fc047629206",
        "vehicle_serial": null,
        "dock_serial": null,
        "user_email": null,
        "takeoff": 1779822198672,
        "landing": 1779823115642,
        "external_id": "PD202600390493",
        "description": "",
        "flight_purpose": "PERSON WITH WEAPON ",
        "operation_id": null,
        "organization_id": "678dee26-6aa8-4d60-bf1c-30c7b0f6b517",
        "Shape__Length": 0.07830714439767032
      }
    },
    {
      "type": "Feature",
      "id": 7,
      "geometry": {
        "type": "MultiLineString",
        "coordinates": [
          [
            [
              -86.6907353263158,
              36.2734170342105
            ],
            [
              -86.690734,
              36.2734172
            ],
            [
              -86.6907349,
              36.2734181
            ],
            [
              -86.6907353263158,
              36.2734170342105
            ]
          ],
          [
            [
              -86.6907356714286,
              36.2734161714286
            ],
            [
              -86.6907353263158,
              36.2734170342105
            ],
            [
              -86.6907364,
              36.2734169
            ],
            [
              -86.6907356714286,
              36.2734161714286
            ]
          ],
          [
            [
              -86.6907440945946,
              36.2734063351351
            ],
            [
              -86.6907439,
              36.2734064
            ],
            [
              -86.6907435,
              36.2734069
            ],
            [
              -86.6907440945946,
              36.2734063351351
            ]
          ],
          [
            [
              -86.6907419,
              36.2733999
            ],
            [
              -86.6907418,
              36.2733999
            ],
            [
              -86.6907417034483,
              36.2733998724138
            ],
            [
              -86.6907418,
              36.2734005
            ],
            [
              -86.6907419,
              36.2734008
            ],
            [
              -86.6907418,
              36.2733999
            ]
          ],
          [
            [
              -86.6907414043478,
              36.2733997869565
            ],
            [
              -86.6907413,
              36.2734001
            ],
            [
              -86.69074166,
              36.27339986
            ],
            [
              -86.6907417034483,
              36.2733998724138
            ],
            [
              -86.6907416976744,
              36.2733998348837
            ],
            [
              -86.69074166,
              36.27339986
            ],
            [
              -86.6907414043478,
              36.2733997869565
            ]
          ],
          [
            [
              -86.690742068,
              36.273399588
            ],
            [
              -86.690742,
              36.2733996
            ],
            [
              -86.6907420411765,
              36.2733996058824
            ],
            [
              -86.690742068,
              36.273399588
            ]
          ],
          [
            [
              -86.6907437,
              36.2733993
            ],
            [
              -86.6907425,
              36.2733993
            ],
            [
              -86.690742068,
              36.273399588
            ],
            [
              -86.6907437,
              36.2733993
            ]
          ],
          [
            [
              -86.69074,
              36.2734146
            ],
            [
              -86.6907392599133,
              36.2734141888407
            ],
            [
              -86.6907391,
              36.2734143
            ],
            [
              -86.6907356185185,
              36.2734160407407
            ],
            [
              -86.6907353333333,
              36.2734158333333
            ],
            [
              -86.6907355666667,
              36.2734160666667
            ],
            [
              -86.6907356185185,
              36.2734160407407
            ],
            [
              -86.6907357,
              36.2734161
            ],
            [
              -86.6907356714286,
              36.2734161714286
            ],
            [
              -86.6907355666667,
              36.2734160666667
            ],
            [
              -86.6907351,
              36.2734163
            ],
            [
              -86.6907351945946,
              36.2734157324324
            ],
            [
              -86.6907353333333,
              36.2734158333333
            ],
            [
              -86.6907352,
              36.2734157
            ],
            [
              -86.6907351945946,
              36.2734157324324
            ],
            [
              -86.6907346,
              36.2734153
            ],
            [
              -86.6907345,
              36.2734149
            ],
            [
              -86.6907344,
              36.2734147
            ],
            [
              -86.6907345,
              36.2734146
            ],
            [
              -86.6907347,
              36.2734144
            ],
            [
              -86.6907351,
              36.2734142
            ],
            [
              -86.6907356,
              36.2734141
            ],
            [
              -86.6907362,
              36.2734139
            ],
            [
              -86.6907367,
              36.2734136
            ],
            [
              -86.6907371,
              36.2734133
            ],
            [
              -86.6907374,
              36.2734131
            ],
            [
              -86.6907377,
              36.273413
            ],
            [
              -86.6907378,
              36.273413
            ],
            [
              -86.6907379,
              36.273413
            ],
            [
              -86.690738,
              36.2734131
            ],
            [
              -86.6907381,
              36.2734135
            ],
            [
              -86.6907383,
              36.273414
            ],
            [
              -86.6907391,
              36.2734141
            ],
            [
              -86.6907392599133,
              36.2734141888407
            ],
            [
              -86.6907555,
              36.2734029
            ],
            [
              -86.6907877,
              36.2733782
            ],
            [
              -86.690789266778,
              36.2733770144175
            ],
            [
              -86.6907677,
              36.2733908
            ],
            [
              -86.6907503,
              36.2734037
            ],
            [
              -86.6907455,
              36.273405
            ],
            [
              -86.6907440945946,
              36.2734063351351
            ],
            [
              -86.6907475,
              36.2734052
            ],
            [
              -86.6907432,
              36.2734077
            ],
            [
              -86.6907392,
              36.2734031
            ],
            [
              -86.6907390181102,
              36.2734026149606
            ],
            [
              -86.6907385,
              36.2734028
            ],
            [
              -86.6907386,
              36.2734015
            ],
            [
              -86.6907390181102,
              36.2734026149606
            ],
            [
              -86.6907399,
              36.2734023
            ],
            [
              -86.6907401,
              36.2734018
            ],
            [
              -86.6907421,
              36.2734023
            ],
            [
              -86.6907427,
              36.2733997
            ],
            [
              -86.6907420411765,
              36.2733996058824
            ],
            [
              -86.6907416976744,
              36.2733998348837
            ],
            [
              -86.6907416,
              36.2733992
            ],
            [
              -86.6907414043478,
              36.2733997869565
            ],
            [
              -86.6907411,
              36.2733997
            ],
            [
              -86.6907406,
              36.2733995
            ],
            [
              -86.6907402,
              36.2733994
            ],
            [
              -86.6907398,
              36.2733993
            ],
            [
              -86.6907396,
              36.2733995
            ],
            [
              -86.6907394,
              36.2734
            ],
            [
              -86.6907392,
              36.2734007
            ],
            [
              -86.6907393,
              36.2734009
            ],
            [
              -86.6907394,
              36.2734011
            ],
            [
              -86.6907395,
              36.2734012
            ],
            [
              -86.6907395,
              36.2734014
            ],
            [
              -86.6907395,
              36.2734015
            ],
            [
              -86.6907392,
              36.2734019
            ],
            [
              -86.6907391,
              36.273402
            ],
            [
              -86.6907392,
              36.2734021
            ],
            [
              -86.6907395,
              36.273402
            ]
          ],
          [
            [
              -86.7217596,
              36.2536748
            ],
            [
              -86.7217597,
              36.2536748
            ]
          ],
          [
            [
              -86.7217614344828,
              36.2536746241379
            ],
            [
              -86.7217612,
              36.2536748
            ],
            [
              -86.721761,
              36.253675
            ],
            [
              -86.7217607619048,
              36.2536748809524
            ],
            [
              -86.7217607,
              36.2536755
            ],
            [
              -86.7217602,
              36.2536761
            ],
            [
              -86.7217607,
              36.2536757
            ],
            [
              -86.7217609,
              36.2536756
            ],
            [
              -86.7217613,
              36.2536753
            ],
            [
              -86.7217616,
              36.2536749
            ],
            [
              -86.7217614344828,
              36.2536746241379
            ]
          ],
          [
            [
              -86.7217613,
              36.2536744
            ],
            [
              -86.7217614344828,
              36.2536746241379
            ],
            [
              -86.7217616,
              36.2536745
            ],
            [
              -86.7217621,
              36.2536745
            ],
            [
              -86.7217613,
              36.2536744
            ]
          ],
          [
            [
              -86.7217606,
              36.2536744
            ],
            [
              -86.7217606,
              36.2536745
            ],
            [
              -86.721760675,
              36.2536744375
            ],
            [
              -86.72176068,
              36.25367444
            ],
            [
              -86.7217606857143,
              36.2536744285714
            ],
            [
              -86.721760675,
              36.2536744375
            ],
            [
              -86.7217606,
              36.2536744
            ]
          ],
          [
            [
              -86.7217612,
              36.253674
            ],
            [
              -86.7217609509434,
              36.2536742075472
            ],
            [
              -86.7217609219512,
              36.253674195122
            ],
            [
              -86.7217609,
              36.25367425
            ],
            [
              -86.7217609509434,
              36.2536742075472
            ],
            [
              -86.7217614,
              36.2536744
            ],
            [
              -86.7217612,
              36.253674
            ]
          ],
          [
            [
              -86.7217608171429,
              36.2536738885714
            ],
            [
              -86.7217608,
              36.2536739
            ],
            [
              -86.7217608666667,
              36.2536739
            ],
            [
              -86.7217608921569,
              36.2536739058824
            ],
            [
              -86.7217609,
              36.2536739
            ],
            [
              -86.7217608666667,
              36.2536739
            ],
            [
              -86.7217608171429,
              36.2536738885714
            ]
          ],
          [
            [
              -86.7217614,
              36.2536736
            ],
            [
              -86.7217611714286,
              36.2536737142857
            ],
            [
              -86.7217611185185,
              36.2536737037037
            ],
            [
              -86.7217611,
              36.25367375
            ],
            [
              -86.7217611714286,
              36.2536737142857
            ],
            [
              -86.7217616,
              36.2536738
            ],
            [
              -86.7217614,
              36.2536736
            ]
          ],
          [
            [
              -86.7217598929412,
              36.2536731541176
            ],
            [
              -86.7217599,
              36.2536735
            ],
            [
              -86.7217606071429,
              36.2536736928571
            ],
            [
              -86.7217607,
              36.2536736
            ],
            [
              -86.721760648,
              36.253673704
            ],
            [
              -86.7217606071429,
              36.2536736928571
            ],
            [
              -86.7217604875,
              36.2536738125
            ],
            [
              -86.72176,
              36.2536737
            ],
            [
              -86.7217604,
              36.2536739
            ],
            [
              -86.7217603,
              36.2536739
            ],
            [
              -86.7217605380952,
              36.2536739238095
            ],
            [
              -86.72176055,
              36.2536739
            ],
            [
              -86.7217604,
              36.2536739
            ],
            [
              -86.7217604875,
              36.2536738125
            ],
            [
              -86.7217605827586,
              36.2536738344828
            ],
            [
              -86.721760648,
              36.253673704
            ],
            [
              -86.7217607461538,
              36.2536737307692
            ],
            [
              -86.7217608,
              36.2536733
            ],
            [
              -86.7217607,
              36.2536735
            ],
            [
              -86.7217598929412,
              36.2536731541176
            ]
          ],
          [
            [
              -86.7217604,
              36.2536743
            ],
            [
              -86.7217604,
              36.2536742
            ],
            [
              -86.7217605380952,
              36.2536739238095
            ],
            [
              -86.7217607197531,
              36.2536739419753
            ],
            [
              -86.721760725,
              36.2536739
            ],
            [
              -86.72176055,
              36.2536739
            ],
            [
              -86.7217605827586,
              36.2536738344828
            ],
            [
              -86.721760728972,
              36.2536738682243
            ],
            [
              -86.7217607461538,
              36.2536737307692
            ],
            [
              -86.7217609645161,
              36.2536737903226
            ],
            [
              -86.7217611,
              36.2536737
            ],
            [
              -86.7217611185185,
              36.2536737037037
            ],
            [
              -86.7217614,
              36.253673
            ],
            [
              -86.721761,
              36.2536715
            ],
            [
              -86.7217598390447,
              36.2536705131879
            ],
            [
              -86.7217598929412,
              36.2536731541176
            ],
            [
              -86.7217593,
              36.2536729
            ],
            [
              -86.7217594,
              36.2536735
            ],
            [
              -86.7217596,
              36.2536742
            ],
            [
              -86.7217592,
              36.2536746
            ],
            [
              -86.7217603,
              36.2536746
            ],
            [
              -86.7217597,
              36.2536748
            ],
            [
              -86.7217604,
              36.2536748
            ],
            [
              -86.7217604,
              36.25367465
            ],
            [
              -86.7217605,
              36.2536747
            ],
            [
              -86.72176065,
              36.2536747
            ],
            [
              -86.7217606666667,
              36.2536747333333
            ],
            [
              -86.7217607,
              36.2536747
            ],
            [
              -86.7217607,
              36.2536748
            ],
            [
              -86.7217606666667,
              36.2536747333333
            ],
            [
              -86.7217606,
              36.2536748
            ],
            [
              -86.7217607619048,
              36.2536748809524
            ],
            [
              -86.7217608,
              36.2536745
            ],
            [
              -86.7217607,
              36.25367445
            ],
            [
              -86.7217607,
              36.2536747
            ],
            [
              -86.72176065,
              36.2536747
            ],
            [
              -86.7217606,
              36.2536746
            ],
            [
              -86.72176068,
              36.25367444
            ],
            [
              -86.7217607,
              36.25367445
            ],
            [
              -86.7217607,
              36.2536744166667
            ],
            [
              -86.7217606857143,
              36.2536744285714
            ],
            [
              -86.7217607,
              36.2536744
            ],
            [
              -86.7217607,
              36.2536744166667
            ],
            [
              -86.7217607230769,
              36.2536743974359
            ],
            [
              -86.7217608,
              36.2536745
            ],
            [
              -86.7217609,
              36.25367425
            ],
            [
              -86.7217607230769,
              36.2536743974359
            ],
            [
              -86.72176071,
              36.25367438
            ],
            [
              -86.7217607,
              36.2536744
            ],
            [
              -86.7217607,
              36.2536743666667
            ],
            [
              -86.72176071,
              36.25367438
            ],
            [
              -86.7217608235294,
              36.2536741529412
            ],
            [
              -86.7217609219512,
              36.253674195122
            ],
            [
              -86.7217610115385,
              36.2536739711538
            ],
            [
              -86.7217613,
              36.253674
            ],
            [
              -86.7217610253521,
              36.2536739366197
            ],
            [
              -86.7217610115385,
              36.2536739711538
            ],
            [
              -86.7217609190476,
              36.2536739619048
            ],
            [
              -86.7217608235294,
              36.2536741529412
            ],
            [
              -86.7217608037037,
              36.2536741444444
            ],
            [
              -86.7217607,
              36.2536743
            ],
            [
              -86.7217607954545,
              36.2536741409091
            ],
            [
              -86.7217608037037,
              36.2536741444444
            ],
            [
              -86.7217609,
              36.253674
            ],
            [
              -86.7217608714286,
              36.2536740142857
            ],
            [
              -86.7217609037736,
              36.2536739603774
            ],
            [
              -86.7217609190476,
              36.2536739619048
            ],
            [
              -86.7217609413793,
              36.2536739172414
            ],
            [
              -86.7217610253521,
              36.2536739366197
            ],
            [
              -86.7217611,
              36.25367375
            ],
            [
              -86.721761,
              36.2536738
            ],
            [
              -86.7217609645161,
              36.2536737903226
            ],
            [
              -86.7217608171429,
              36.2536738885714
            ],
            [
              -86.721760728972,
              36.2536738682243
            ],
            [
              -86.721760725,
              36.2536739
            ],
            [
              -86.7217608,
              36.2536739
            ],
            [
              -86.7217607347826,
              36.2536739434783
            ],
            [
              -86.7217607197531,
              36.2536739419753
            ],
            [
              -86.7217607181818,
              36.2536739545455
            ],
            [
              -86.7217607347826,
              36.2536739434783
            ],
            [
              -86.7217608294118,
              36.2536739529412
            ],
            [
              -86.7217608921569,
              36.2536739058824
            ],
            [
              -86.7217609310811,
              36.2536739148649
            ],
            [
              -86.721761,
              36.2536738
            ],
            [
              -86.7217609413793,
              36.2536739172414
            ],
            [
              -86.7217609310811,
              36.2536739148649
            ],
            [
              -86.7217609037736,
              36.2536739603774
            ],
            [
              -86.7217608294118,
              36.2536739529412
            ],
            [
              -86.7217607068965,
              36.2536740448276
            ],
            [
              -86.7217607181818,
              36.2536739545455
            ],
            [
              -86.7217605,
              36.2536741
            ],
            [
              -86.721760548,
              36.253674164
            ],
            [
              -86.7217607068965,
              36.2536740448276
            ],
            [
              -86.7217607,
              36.2536741
            ],
            [
              -86.7217607,
              36.2536741
            ],
            [
              -86.7217608714286,
              36.2536740142857
            ],
            [
              -86.7217607954545,
              36.2536741409091
            ],
            [
              -86.7217607,
              36.2536741
            ],
            [
              -86.7217605545455,
              36.2536741727273
            ],
            [
              -86.721760548,
              36.253674164
            ],
            [
              -86.7217605,
              36.2536742
            ],
            [
              -86.7217605545455,
              36.2536741727273
            ],
            [
              -86.7217606,
              36.2536742333333
            ],
            [
              -86.7217606,
              36.2536742
            ],
            [
              -86.7217607,
              36.2536743
            ],
            [
              -86.7217607,
              36.2536743666667
            ],
            [
              -86.7217606,
              36.2536742333333
            ],
            [
              -86.7217606,
              36.2536744
            ],
            [
              -86.7217604,
              36.2536743
            ],
            [
              -86.7217604,
              36.2536745666667
            ],
            [
              -86.7217606,
              36.2536745
            ],
            [
              -86.7217605,
              36.2536746
            ],
            [
              -86.7217604,
              36.2536746
            ],
            [
              -86.7217604,
              36.2536745666667
            ],
            [
              -86.7217603,
              36.2536746
            ],
            [
              -86.7217603,
              36.2536746
            ],
            [
              -86.7217604,
              36.25367465
            ],
            [
              -86.7217604,
              36.2536746
            ],
            [
              -86.7217603,
              36.2536746
            ]
          ],
          [
            [
              -86.7217658538462,
              36.2536578692308
            ],
            [
              -86.7217657,
              36.2536581
            ],
            [
              -86.7217665,
              36.2536579
            ],
            [
              -86.7217658538462,
              36.2536578692308
            ]
          ],
          [
            [
              -86.721765,
              36.2536578285714
            ],
            [
              -86.721765,
              36.253658
            ],
            [
              -86.7217651241379,
              36.2536578344828
            ],
            [
              -86.721765135,
              36.253657835
            ],
            [
              -86.7217651285714,
              36.2536578285714
            ],
            [
              -86.7217651241379,
              36.2536578344828
            ],
            [
              -86.721765,
              36.2536578285714
            ]
          ],
          [
            [
              -86.7217645,
              36.2536575
            ],
            [
              -86.7217642,
              36.2536575
            ],
            [
              -86.7217645214286,
              36.2536575214286
            ],
            [
              -86.7217645,
              36.2536575
            ]
          ],
          [
            [
              -86.7217652958763,
              36.2536574268041
            ],
            [
              -86.7217650057851,
              36.253657553719
            ],
            [
              -86.7217649285714,
              36.2536575485714
            ],
            [
              -86.7217649,
              36.2536576
            ],
            [
              -86.7217650057851,
              36.253657553719
            ],
            [
              -86.7217657,
              36.2536576
            ],
            [
              -86.7217652958763,
              36.2536574268041
            ]
          ],
          [
            [
              -86.7217646,
              36.2536573
            ],
            [
              -86.7217647,
              36.2536575
            ],
            [
              -86.7217648,
              36.2536575
            ],
            [
              -86.7217646,
              36.2536573
            ]
          ],
          [
            [
              -86.7217647,
              36.2536559
            ],
            [
              -86.7217638,
              36.2536568
            ],
            [
              -86.7217622,
              36.253658
            ],
            [
              -86.7217599,
              36.253659
            ],
            [
              -86.7217596,
              36.2536591
            ],
            [
              -86.7217593,
              36.2536621
            ],
            [
              -86.7217593272613,
              36.2536622090452
            ],
            [
              -86.721764,
              36.2536594
            ],
            [
              -86.721764368421,
              36.2536579263158
            ],
            [
              -86.7217646,
              36.2536581
            ],
            [
              -86.7217647140187,
              36.2536578149533
            ],
            [
              -86.721765,
              36.2536578285714
            ],
            [
              -86.721765,
              36.2536577555556
            ],
            [
              -86.7217648,
              36.2536578
            ],
            [
              -86.721765,
              36.25365772
            ],
            [
              -86.721765,
              36.2536577555556
            ],
            [
              -86.7217650454545,
              36.2536577454545
            ],
            [
              -86.7217651285714,
              36.2536578285714
            ],
            [
              -86.72176522,
              36.2536577066667
            ],
            [
              -86.7217650454545,
              36.2536577454545
            ],
            [
              -86.7217650142857,
              36.2536577142857
            ],
            [
              -86.721765,
              36.25365772
            ],
            [
              -86.721765,
              36.2536577
            ],
            [
              -86.7217650142857,
              36.2536577142857
            ],
            [
              -86.7217653,
              36.2536576
            ],
            [
              -86.72176522,
              36.2536577066667
            ],
            [
              -86.7217657,
              36.2536576
            ],
            [
              -86.72176545,
              36.25365785
            ],
            [
              -86.721765135,
              36.253657835
            ],
            [
              -86.7217653,
              36.253658
            ],
            [
              -86.72176545,
              36.25365785
            ],
            [
              -86.7217658538462,
              36.2536578692308
            ],
            [
              -86.7217663,
              36.2536572
            ],
            [
              -86.7217658,
              36.2536574
            ],
            [
              -86.7217665,
              36.2536569
            ],
            [
              -86.7217652958763,
              36.2536574268041
            ],
            [
              -86.7217650538461,
              36.2536573230769
            ],
            [
              -86.7217649285714,
              36.2536575485714
            ],
            [
              -86.7217648147541,
              36.2536575409836
            ],
            [
              -86.7217648,
              36.2536576
            ],
            [
              -86.7217647140187,
              36.2536578149533
            ],
            [
              -86.7217644,
              36.2536578
            ],
            [
              -86.721764368421,
              36.2536579263158
            ],
            [
              -86.7217642,
              36.2536578
            ],
            [
              -86.7217637,
              36.2536576
            ],
            [
              -86.7217642,
              36.2536571
            ],
            [
              -86.7217644,
              36.2536574
            ],
            [
              -86.7217645,
              36.2536575
            ],
            [
              -86.7217647,
              36.2536575
            ],
            [
              -86.72176466875,
              36.25365753125
            ],
            [
              -86.7217645214286,
              36.2536575214286
            ],
            [
              -86.7217646,
              36.2536576
            ],
            [
              -86.72176466875,
              36.25365753125
            ],
            [
              -86.7217648147541,
              36.2536575409836
            ],
            [
              -86.7217649,
              36.2536572
            ],
            [
              -86.721765,
              36.2536573
            ],
            [
              -86.7217650538461,
              36.2536573230769
            ],
            [
              -86.7217654,
              36.2536567
            ],
            [
              -86.721765,
              36.2536569
            ],
            [
              -86.7217649758621,
              36.2536568965517
            ],
            [
              -86.7217649,
              36.2536572
            ],
            [
              -86.7217646,
              36.2536569
            ],
            [
              -86.7217643,
              36.2536568
            ],
            [
              -86.7217649758621,
              36.2536568965517
            ],
            [
              -86.721765,
              36.2536568
            ],
            [
              -86.7217652,
              36.2536561
            ],
            [
              -86.7217651,
              36.253656
            ],
            [
              -86.7217647,
              36.2536559
            ]
          ],
          [
            [
              -86.7217213,
              36.2536553
            ],
            [
              -86.7217045,
              36.2536576
            ],
            [
              -86.7216367,
              36.2537198
            ],
            [
              -86.7215786995077,
              36.2537756523259
            ],
            [
              -86.7216343,
              36.2537398
            ],
            [
              -86.7217023,
              36.2536949
            ],
            [
              -86.7217467,
              36.2536698
            ],
            [
              -86.7217515019985,
              36.2536669132494
            ],
            [
              -86.7217552,
              36.2536683
            ],
            [
              -86.721759,
              36.2536698
            ],
            [
              -86.7217598390447,
              36.2536705131879
            ],
            [
              -86.7217597,
              36.2536637
            ],
            [
              -86.7217593272613,
              36.2536622090452
            ],
            [
              -86.7217515019985,
              36.2536669132494
            ],
            [
              -86.7217512,
              36.2536668
            ],
            [
              -86.7217456,
              36.2536655
            ],
            [
              -86.7217386,
              36.253664
            ],
            [
              -86.7217306,
              36.2536611
            ],
            [
              -86.7217213,
              36.2536553
            ]
          ],
          [
            [
              -86.717998,
              36.2529229
            ],
            [
              -86.7178882,
              36.2529304
            ],
            [
              -86.7177673,
              36.2529737
            ],
            [
              -86.7176439,
              36.2530315
            ],
            [
              -86.7175238,
              36.2530925
            ],
            [
              -86.7174041,
              36.253155
            ],
            [
              -86.717283,
              36.2532164
            ],
            [
              -86.7171637,
              36.2532785
            ],
            [
              -86.7170468,
              36.2533425
            ],
            [
              -86.7169297,
              36.2534046
            ],
            [
              -86.7168162,
              36.2534579
            ],
            [
              -86.7167189,
              36.253485
            ],
            [
              -86.7166783,
              36.2534963
            ],
            [
              -86.716679,
              36.2534975
            ],
            [
              -86.7166775,
              36.2534971
            ],
            [
              -86.7166756,
              36.2534989
            ],
            [
              -86.7166651,
              36.2535113
            ],
            [
              -86.7166366,
              36.2535448
            ],
            [
              -86.7165882,
              36.2536034
            ],
            [
              -86.7165231,
              36.2536846
            ],
            [
              -86.7164459,
              36.2537793
            ],
            [
              -86.7163655,
              36.2538789
            ],
            [
              -86.716285,
              36.2539789
            ],
            [
              -86.7162076,
              36.2540797
            ],
            [
              -86.716128,
              36.2541767
            ],
            [
              -86.7160456,
              36.2542775
            ],
            [
              -86.7159628,
              36.2543779
            ],
            [
              -86.7158812,
              36.2544767
            ],
            [
              -86.7158048,
              36.2545731
            ],
            [
              -86.71573,
              36.2546686
            ],
            [
              -86.7156493,
              36.254763
            ],
            [
              -86.7155645,
              36.2548692
            ],
            [
              -86.7154736,
              36.2549782
            ],
            [
              -86.7153832,
              36.255089
            ],
            [
              -86.7152933,
              36.2552003
            ],
            [
              -86.7152037,
              36.2553134
            ],
            [
              -86.7151094,
              36.2554271
            ],
            [
              -86.7150113,
              36.2555433
            ],
            [
              -86.7149132,
              36.2556587
            ],
            [
              -86.7148173,
              36.2557739
            ],
            [
              -86.7147256,
              36.2558859
            ],
            [
              -86.7146358,
              36.2559897
            ],
            [
              -86.7145529,
              36.2560876
            ],
            [
              -86.7144847,
              36.2561729
            ],
            [
              -86.7144581,
              36.2562503
            ],
            [
              -86.7144248,
              36.2562956
            ],
            [
              -86.7143275,
              36.2563384
            ],
            [
              -86.7142099,
              36.2564268
            ],
            [
              -86.7140906,
              36.2565186
            ],
            [
              -86.7139666,
              36.2566058
            ],
            [
              -86.7138474,
              36.2566932
            ],
            [
              -86.7137329,
              36.2567773
            ],
            [
              -86.7136139,
              36.2568624
            ],
            [
              -86.713496,
              36.2569473
            ],
            [
              -86.7133799,
              36.2570319
            ],
            [
              -86.7132655,
              36.2571143
            ],
            [
              -86.7131545,
              36.2571948
            ],
            [
              -86.7130428,
              36.2572734
            ],
            [
              -86.7129298,
              36.2573554
            ],
            [
              -86.7128207,
              36.2574357
            ],
            [
              -86.712713,
              36.2575129
            ],
            [
              -86.7126035,
              36.2575901
            ],
            [
              -86.7125,
              36.2576676
            ],
            [
              -86.712401,
              36.2577439
            ],
            [
              -86.7122972,
              36.2578171
            ],
            [
              -86.712188,
              36.2578964
            ],
            [
              -86.7120765,
              36.2579795
            ],
            [
              -86.711965,
              36.2580609
            ],
            [
              -86.7118508,
              36.2581443
            ],
            [
              -86.7117245,
              36.2582314
            ],
            [
              -86.7115987,
              36.2583237
            ],
            [
              -86.7114749,
              36.2584152
            ],
            [
              -86.7113493,
              36.2585048
            ],
            [
              -86.7112241,
              36.2585947
            ],
            [
              -86.7111002,
              36.2586833
            ],
            [
              -86.7109777,
              36.258773
            ],
            [
              -86.710853,
              36.2588616
            ],
            [
              -86.7107276,
              36.2589531
            ],
            [
              -86.7106035,
              36.259044
            ],
            [
              -86.7104777,
              36.2591344
            ],
            [
              -86.7103497,
              36.2592295
            ],
            [
              -86.7102209,
              36.2593238
            ],
            [
              -86.7100931,
              36.2594165
            ],
            [
              -86.7099656,
              36.2595098
            ],
            [
              -86.709838,
              36.2596037
            ],
            [
              -86.7097068,
              36.2596957
            ],
            [
              -86.7095751,
              36.2597923
            ],
            [
              -86.7094399,
              36.2598882
            ],
            [
              -86.7093084,
              36.2599829
            ],
            [
              -86.7091793,
              36.2600773
            ],
            [
              -86.7090542,
              36.2601713
            ],
            [
              -86.708927,
              36.260263
            ],
            [
              -86.7087929,
              36.260357
            ],
            [
              -86.7086614,
              36.2604518
            ],
            [
              -86.7085326,
              36.2605473
            ],
            [
              -86.7084083,
              36.2606381
            ],
            [
              -86.708277,
              36.2607323
            ],
            [
              -86.7081412,
              36.2608268
            ],
            [
              -86.7080066,
              36.2609251
            ],
            [
              -86.7078746,
              36.2610232
            ],
            [
              -86.7077397,
              36.261119
            ],
            [
              -86.7076043,
              36.2612153
            ],
            [
              -86.7074714,
              36.2613107
            ],
            [
              -86.7073416,
              36.2614042
            ],
            [
              -86.7072142,
              36.261496
            ],
            [
              -86.7070891,
              36.261586
            ],
            [
              -86.70697,
              36.2616765
            ],
            [
              -86.7068485,
              36.2617645
            ],
            [
              -86.7067281,
              36.261852
            ],
            [
              -86.7066053,
              36.2619376
            ],
            [
              -86.7064858,
              36.2620239
            ],
            [
              -86.7063685,
              36.2621083
            ],
            [
              -86.706253,
              36.2621921
            ],
            [
              -86.7061392,
              36.262274
            ],
            [
              -86.7060288,
              36.262356
            ],
            [
              -86.7059167,
              36.2624378
            ],
            [
              -86.7058024,
              36.2625188
            ],
            [
              -86.7056911,
              36.2626008
            ],
            [
              -86.7055789,
              36.2626813
            ],
            [
              -86.7054639,
              36.2627618
            ],
            [
              -86.7053506,
              36.2628435
            ],
            [
              -86.7052381,
              36.2629259
            ],
            [
              -86.7051279,
              36.263009
            ],
            [
              -86.7050129,
              36.263089
            ],
            [
              -86.7048977,
              36.2631703
            ],
            [
              -86.7047871,
              36.2632527
            ],
            [
              -86.7046754,
              36.2633322
            ],
            [
              -86.704567,
              36.2634117
            ],
            [
              -86.7044595,
              36.2634909
            ],
            [
              -86.7043499,
              36.2635682
            ],
            [
              -86.7042438,
              36.2636457
            ],
            [
              -86.7041379,
              36.2637222
            ],
            [
              -86.7040327,
              36.2637981
            ],
            [
              -86.7039292,
              36.2638737
            ],
            [
              -86.7038279,
              36.2639488
            ],
            [
              -86.7037261,
              36.264023
            ],
            [
              -86.7036237,
              36.264097
            ],
            [
              -86.7035227,
              36.2641714
            ],
            [
              -86.7034241,
              36.2642457
            ],
            [
              -86.7033225,
              36.2643187
            ],
            [
              -86.7032241,
              36.2643932
            ],
            [
              -86.7031246,
              36.2644653
            ],
            [
              -86.7030204,
              36.2645402
            ],
            [
              -86.7029133,
              36.264615
            ],
            [
              -86.7028074,
              36.2646907
            ],
            [
              -86.7027064,
              36.2647636
            ],
            [
              -86.7026089,
              36.2648346
            ],
            [
              -86.7025085,
              36.2649044
            ],
            [
              -86.7024132,
              36.2649752
            ],
            [
              -86.7023249,
              36.2650424
            ],
            [
              -86.7022294,
              36.2651054
            ],
            [
              -86.7021337,
              36.2651732
            ],
            [
              -86.7020545,
              36.265239
            ],
            [
              -86.7019811,
              36.2652968
            ],
            [
              -86.7018958,
              36.2653548
            ],
            [
              -86.7017951,
              36.2654245
            ],
            [
              -86.7016893,
              36.2654992
            ],
            [
              -86.7015778,
              36.2655767
            ],
            [
              -86.7014632,
              36.2656611
            ],
            [
              -86.7013454,
              36.2657477
            ],
            [
              -86.7012279,
              36.2658335
            ],
            [
              -86.7011051,
              36.2659214
            ],
            [
              -86.7009805,
              36.2660114
            ],
            [
              -86.7008543,
              36.2661015
            ],
            [
              -86.7007302,
              36.2661924
            ],
            [
              -86.7006065,
              36.2662824
            ],
            [
              -86.7004823,
              36.2663722
            ],
            [
              -86.7003601,
              36.266461
            ],
            [
              -86.7002385,
              36.2665487
            ],
            [
              -86.7001163,
              36.2666353
            ],
            [
              -86.6999988,
              36.2667232
            ],
            [
              -86.6998789,
              36.2668099
            ],
            [
              -86.6997606,
              36.2668973
            ],
            [
              -86.6996401,
              36.2669833
            ],
            [
              -86.6995212,
              36.2670714
            ],
            [
              -86.6993997,
              36.2671587
            ],
            [
              -86.6992772,
              36.2672457
            ],
            [
              -86.6991545,
              36.2673337
            ],
            [
              -86.6990346,
              36.2674215
            ],
            [
              -86.6989159,
              36.2675082
            ],
            [
              -86.6987973,
              36.2675942
            ],
            [
              -86.6986806,
              36.2676812
            ],
            [
              -86.6985589,
              36.2677641
            ],
            [
              -86.6984441,
              36.2678522
            ],
            [
              -86.6983298,
              36.2679356
            ],
            [
              -86.6982113,
              36.2680188
            ],
            [
              -86.6980909,
              36.2681031
            ],
            [
              -86.6979719,
              36.2681887
            ],
            [
              -86.6978537,
              36.2682711
            ],
            [
              -86.6977381,
              36.2683536
            ],
            [
              -86.6976258,
              36.2684347
            ],
            [
              -86.6975168,
              36.2685135
            ],
            [
              -86.6974115,
              36.2685919
            ],
            [
              -86.6973068,
              36.2686679
            ],
            [
              -86.6972038,
              36.2687422
            ],
            [
              -86.6971017,
              36.268815
            ],
            [
              -86.6970001,
              36.268887
            ],
            [
              -86.6969037,
              36.2689597
            ],
            [
              -86.6968122,
              36.2690309
            ],
            [
              -86.6967226,
              36.2690979
            ],
            [
              -86.6966256,
              36.2691665
            ],
            [
              -86.6965253,
              36.2692381
            ],
            [
              -86.6964263,
              36.26931
            ],
            [
              -86.6963289,
              36.2693819
            ],
            [
              -86.6962289,
              36.2694523
            ],
            [
              -86.6961295,
              36.2695214
            ],
            [
              -86.6960344,
              36.2695897
            ],
            [
              -86.6959444,
              36.2696539
            ],
            [
              -86.6958604,
              36.2697177
            ],
            [
              -86.695775,
              36.2697826
            ],
            [
              -86.6956858,
              36.269848
            ],
            [
              -86.6955874,
              36.2699174
            ],
            [
              -86.6954848,
              36.2699901
            ],
            [
              -86.6953824,
              36.2700634
            ],
            [
              -86.6952787,
              36.2701367
            ],
            [
              -86.6951742,
              36.2702108
            ],
            [
              -86.6950725,
              36.2702854
            ],
            [
              -86.6949732,
              36.2703588
            ],
            [
              -86.6948765,
              36.2704317
            ],
            [
              -86.6947811,
              36.2705026
            ],
            [
              -86.6946843,
              36.2705718
            ],
            [
              -86.6945877,
              36.2706416
            ],
            [
              -86.694489,
              36.270711
            ],
            [
              -86.6943877,
              36.2707859
            ],
            [
              -86.6942863,
              36.2708617
            ],
            [
              -86.6941813,
              36.2709359
            ],
            [
              -86.6940702,
              36.2710157
            ],
            [
              -86.6939561,
              36.2710962
            ],
            [
              -86.6938438,
              36.2711806
            ],
            [
              -86.6937322,
              36.2712633
            ],
            [
              -86.6936182,
              36.2713425
            ],
            [
              -86.6935049,
              36.2714252
            ],
            [
              -86.6933843,
              36.2715125
            ],
            [
              -86.6932606,
              36.2715991
            ],
            [
              -86.6931391,
              36.2716861
            ],
            [
              -86.6930168,
              36.2717754
            ],
            [
              -86.692891,
              36.2718651
            ],
            [
              -86.6927696,
              36.2719563
            ],
            [
              -86.6926478,
              36.2720448
            ],
            [
              -86.6925267,
              36.2721323
            ],
            [
              -86.6924056,
              36.2722201
            ],
            [
              -86.6922838,
              36.2723059
            ],
            [
              -86.6921607,
              36.2723931
            ],
            [
              -86.6920393,
              36.2724813
            ],
            [
              -86.6919181,
              36.2725671
            ],
            [
              -86.6918001,
              36.272653
            ],
            [
              -86.6916866,
              36.2727366
            ],
            [
              -86.6915742,
              36.2728189
            ],
            [
              -86.69146,
              36.2728977
            ],
            [
              -86.6913496,
              36.2729732
            ],
            [
              -86.6912514,
              36.2730419
            ],
            [
              -86.6911691,
              36.273093
            ],
            [
              -86.691108,
              36.2731337
            ],
            [
              -86.6910639,
              36.2731699
            ],
            [
              -86.6910205,
              36.2732138
            ],
            [
              -86.6909638,
              36.2732568
            ],
            [
              -86.6908961,
              36.2733
            ],
            [
              -86.6908362,
              36.2733415
            ],
            [
              -86.690789266778,
              36.2733770144175
            ],
            [
              -86.6908029,
              36.2733683
            ],
            [
              -86.6908475,
              36.2733414
            ],
            [
              -86.6908919,
              36.2733128
            ],
            [
              -86.6909411,
              36.2732825
            ],
            [
              -86.6909921,
              36.2732499
            ],
            [
              -86.6910532,
              36.2732085
            ],
            [
              -86.6911439,
              36.2731502
            ],
            [
              -86.6912552,
              36.2730779
            ],
            [
              -86.6913804,
              36.2729991
            ],
            [
              -86.6915186,
              36.2729105
            ],
            [
              -86.6916595,
              36.2728214
            ],
            [
              -86.6917991,
              36.272732
            ],
            [
              -86.6919391,
              36.2726432
            ],
            [
              -86.692079,
              36.2725537
            ],
            [
              -86.6922195,
              36.2724651
            ],
            [
              -86.6923601,
              36.2723761
            ],
            [
              -86.6924995,
              36.272287
            ],
            [
              -86.6926398,
              36.2721983
            ],
            [
              -86.6927782,
              36.272109
            ],
            [
              -86.6929173,
              36.2720206
            ],
            [
              -86.6930568,
              36.2719317
            ],
            [
              -86.6931953,
              36.2718432
            ],
            [
              -86.6933351,
              36.2717547
            ],
            [
              -86.693475,
              36.2716666
            ],
            [
              -86.6936142,
              36.2715776
            ],
            [
              -86.6937541,
              36.2714898
            ],
            [
              -86.6938931,
              36.2714008
            ],
            [
              -86.694033,
              36.2713121
            ],
            [
              -86.6941727,
              36.2712219
            ],
            [
              -86.6943119,
              36.2711325
            ],
            [
              -86.6944513,
              36.2710434
            ],
            [
              -86.6945919,
              36.2709541
            ],
            [
              -86.6947318,
              36.2708652
            ],
            [
              -86.6948711,
              36.2707764
            ],
            [
              -86.6950111,
              36.270687
            ],
            [
              -86.6951518,
              36.270598
            ],
            [
              -86.6952919,
              36.2705094
            ],
            [
              -86.6954324,
              36.2704205
            ],
            [
              -86.6955732,
              36.2703316
            ],
            [
              -86.6957143,
              36.2702421
            ],
            [
              -86.695854,
              36.2701523
            ],
            [
              -86.6959942,
              36.2700637
            ],
            [
              -86.6961329,
              36.269975
            ],
            [
              -86.6962714,
              36.2698873
            ],
            [
              -86.6964082,
              36.2697989
            ],
            [
              -86.6965466,
              36.269711
            ],
            [
              -86.6966848,
              36.269623
            ],
            [
              -86.6968223,
              36.2695348
            ],
            [
              -86.6969606,
              36.269447
            ],
            [
              -86.6971004,
              36.2693588
            ],
            [
              -86.6972395,
              36.2692707
            ],
            [
              -86.697379,
              36.2691814
            ],
            [
              -86.6975189,
              36.2690923
            ],
            [
              -86.6976579,
              36.2690037
            ],
            [
              -86.6977975,
              36.268915
            ],
            [
              -86.6979361,
              36.2688257
            ],
            [
              -86.6980755,
              36.2687367
            ],
            [
              -86.698215,
              36.2686476
            ],
            [
              -86.6983546,
              36.2685588
            ],
            [
              -86.6984945,
              36.2684694
            ],
            [
              -86.698635,
              36.2683803
            ],
            [
              -86.6987757,
              36.2682915
            ],
            [
              -86.698916,
              36.2682026
            ],
            [
              -86.6990567,
              36.2681132
            ],
            [
              -86.699197,
              36.2680243
            ],
            [
              -86.6993367,
              36.2679346
            ],
            [
              -86.6994772,
              36.2678452
            ],
            [
              -86.6996185,
              36.2677565
            ],
            [
              -86.6997576,
              36.267667
            ],
            [
              -86.6998972,
              36.267578
            ],
            [
              -86.7000374,
              36.2674898
            ],
            [
              -86.7001767,
              36.2674001
            ],
            [
              -86.7003162,
              36.2673116
            ],
            [
              -86.7004568,
              36.2672233
            ],
            [
              -86.7005968,
              36.2671341
            ],
            [
              -86.7007369,
              36.2670449
            ],
            [
              -86.7008761,
              36.2669559
            ],
            [
              -86.7010158,
              36.2668669
            ],
            [
              -86.7011551,
              36.2667779
            ],
            [
              -86.7012944,
              36.2666892
            ],
            [
              -86.7014333,
              36.2665996
            ],
            [
              -86.7015731,
              36.2665108
            ],
            [
              -86.7017134,
              36.2664215
            ],
            [
              -86.7018531,
              36.2663325
            ],
            [
              -86.7019928,
              36.2662442
            ],
            [
              -86.7021324,
              36.2661555
            ],
            [
              -86.7022723,
              36.2660665
            ],
            [
              -86.7024119,
              36.2659779
            ],
            [
              -86.7025515,
              36.2658889
            ],
            [
              -86.7026909,
              36.2658
            ],
            [
              -86.7028301,
              36.2657112
            ],
            [
              -86.7029701,
              36.2656225
            ],
            [
              -86.7031098,
              36.2655338
            ],
            [
              -86.7032495,
              36.2654445
            ],
            [
              -86.7033897,
              36.2653553
            ],
            [
              -86.7035307,
              36.2652661
            ],
            [
              -86.7036694,
              36.2651768
            ],
            [
              -86.703809,
              36.2650877
            ],
            [
              -86.703949,
              36.2649984
            ],
            [
              -86.7040904,
              36.2649101
            ],
            [
              -86.7042305,
              36.2648206
            ],
            [
              -86.7043704,
              36.2647312
            ],
            [
              -86.7045101,
              36.2646417
            ],
            [
              -86.7046501,
              36.2645531
            ],
            [
              -86.7047892,
              36.2644639
            ],
            [
              -86.7049289,
              36.2643746
            ],
            [
              -86.7050684,
              36.2642861
            ],
            [
              -86.7052078,
              36.2641971
            ],
            [
              -86.7053473,
              36.2641082
            ],
            [
              -86.7054872,
              36.2640196
            ],
            [
              -86.7056265,
              36.2639306
            ],
            [
              -86.7057663,
              36.2638415
            ],
            [
              -86.7059064,
              36.2637521
            ],
            [
              -86.7060462,
              36.2636631
            ],
            [
              -86.7061862,
              36.2635738
            ],
            [
              -86.7063265,
              36.2634845
            ],
            [
              -86.7064661,
              36.2633954
            ],
            [
              -86.7066059,
              36.2633061
            ],
            [
              -86.7067461,
              36.2632171
            ],
            [
              -86.7068863,
              36.2631283
            ],
            [
              -86.7070263,
              36.2630392
            ],
            [
              -86.7071678,
              36.2629501
            ],
            [
              -86.7073066,
              36.2628603
            ],
            [
              -86.7074463,
              36.2627718
            ],
            [
              -86.7075857,
              36.2626824
            ],
            [
              -86.7077262,
              36.2625942
            ],
            [
              -86.7078651,
              36.2625052
            ],
            [
              -86.708006,
              36.2624166
            ],
            [
              -86.7081455,
              36.262327
            ],
            [
              -86.7082858,
              36.2622384
            ],
            [
              -86.7084249,
              36.2621493
            ],
            [
              -86.7085645,
              36.2620608
            ],
            [
              -86.7087039,
              36.261972
            ],
            [
              -86.708844,
              36.2618831
            ],
            [
              -86.7089834,
              36.2617936
            ],
            [
              -86.7091235,
              36.2617047
            ],
            [
              -86.7092643,
              36.2616159
            ],
            [
              -86.7094045,
              36.2615262
            ],
            [
              -86.7095436,
              36.2614365
            ],
            [
              -86.7096831,
              36.261347
            ],
            [
              -86.7098234,
              36.2612581
            ],
            [
              -86.7099635,
              36.2611686
            ],
            [
              -86.7101044,
              36.2610791
            ],
            [
              -86.7102449,
              36.2609901
            ],
            [
              -86.7103852,
              36.2609006
            ],
            [
              -86.7105258,
              36.2608111
            ],
            [
              -86.7106671,
              36.2607228
            ],
            [
              -86.7108057,
              36.2606339
            ],
            [
              -86.7109459,
              36.2605446
            ],
            [
              -86.7110856,
              36.2604556
            ],
            [
              -86.7112248,
              36.2603663
            ],
            [
              -86.7113639,
              36.2602774
            ],
            [
              -86.7115026,
              36.2601879
            ],
            [
              -86.7116427,
              36.2601004
            ],
            [
              -86.7117827,
              36.260011
            ],
            [
              -86.7119223,
              36.2599217
            ],
            [
              -86.7120619,
              36.2598322
            ],
            [
              -86.7122027,
              36.2597435
            ],
            [
              -86.7123429,
              36.2596545
            ],
            [
              -86.7124826,
              36.2595656
            ],
            [
              -86.7126223,
              36.2594767
            ],
            [
              -86.7127618,
              36.2593876
            ],
            [
              -86.7129016,
              36.2592991
            ],
            [
              -86.7130411,
              36.25921
            ],
            [
              -86.7131812,
              36.2591213
            ],
            [
              -86.7133213,
              36.259032
            ],
            [
              -86.7134615,
              36.2589427
            ],
            [
              -86.7136021,
              36.258854
            ],
            [
              -86.7137417,
              36.2587645
            ],
            [
              -86.7138815,
              36.2586756
            ],
            [
              -86.7140219,
              36.2585869
            ],
            [
              -86.7141615,
              36.2584976
            ],
            [
              -86.7143005,
              36.2584083
            ],
            [
              -86.7144402,
              36.2583197
            ],
            [
              -86.7145789,
              36.2582308
            ],
            [
              -86.7147183,
              36.2581421
            ],
            [
              -86.7148573,
              36.2580533
            ],
            [
              -86.7149974,
              36.2579645
            ],
            [
              -86.7151377,
              36.2578753
            ],
            [
              -86.7152782,
              36.2577864
            ],
            [
              -86.7154188,
              36.2576975
            ],
            [
              -86.7155588,
              36.2576083
            ],
            [
              -86.7156992,
              36.2575197
            ],
            [
              -86.7158382,
              36.2574312
            ],
            [
              -86.7159766,
              36.2573429
            ],
            [
              -86.7161146,
              36.2572549
            ],
            [
              -86.7162533,
              36.2571664
            ],
            [
              -86.7163918,
              36.2570775
            ],
            [
              -86.7165312,
              36.2569891
            ],
            [
              -86.7166694,
              36.2568997
            ],
            [
              -86.7168086,
              36.256811
            ],
            [
              -86.7169488,
              36.2567217
            ],
            [
              -86.717089,
              36.2566326
            ],
            [
              -86.717229,
              36.2565436
            ],
            [
              -86.7173687,
              36.2564542
            ],
            [
              -86.7175084,
              36.2563654
            ],
            [
              -86.7176486,
              36.2562768
            ],
            [
              -86.7177884,
              36.2561882
            ],
            [
              -86.7179283,
              36.2560995
            ],
            [
              -86.7180683,
              36.2560107
            ],
            [
              -86.7182083,
              36.2559221
            ],
            [
              -86.7183482,
              36.255833
            ],
            [
              -86.7184869,
              36.2557441
            ],
            [
              -86.7186265,
              36.2556555
            ],
            [
              -86.718766,
              36.2555663
            ],
            [
              -86.7189059,
              36.2554767
            ],
            [
              -86.7190467,
              36.255388
            ],
            [
              -86.7191862,
              36.2552988
            ],
            [
              -86.7193257,
              36.2552096
            ],
            [
              -86.719466,
              36.2551204
            ],
            [
              -86.7196056,
              36.255031
            ],
            [
              -86.7197466,
              36.2549421
            ],
            [
              -86.7198862,
              36.2548526
            ],
            [
              -86.7200268,
              36.2547641
            ],
            [
              -86.7201651,
              36.2546752
            ],
            [
              -86.7203047,
              36.2545865
            ],
            [
              -86.7204451,
              36.2544982
            ],
            [
              -86.7205008453961,
              36.2544625372913
            ],
            [
              -86.7205291,
              36.2544767
            ],
            [
              -86.7206515,
              36.2545279
            ],
            [
              -86.720729,
              36.2545451
            ],
            [
              -86.7207841,
              36.2545449
            ],
            [
              -86.7208141,
              36.2545403
            ],
            [
              -86.7208329,
              36.2545329
            ],
            [
              -86.7208728,
              36.254504
            ],
            [
              -86.7209535,
              36.2544395
            ],
            [
              -86.7210396,
              36.2543554
            ],
            [
              -86.72112,
              36.2542586
            ],
            [
              -86.7211848,
              36.2541748
            ],
            [
              -86.7212004,
              36.2541495
            ],
            [
              -86.7212392,
              36.2541095
            ],
            [
              -86.7212961,
              36.2540414
            ],
            [
              -86.7213097,
              36.2540175
            ],
            [
              -86.721314,
              36.2540131
            ],
            [
              -86.7213175,
              36.254007
            ],
            [
              -86.7213183,
              36.2540019
            ],
            [
              -86.7213304,
              36.2539917
            ],
            [
              -86.7213818,
              36.2539503
            ],
            [
              -86.7214618,
              36.2538843
            ],
            [
              -86.7215476,
              36.2538056
            ],
            [
              -86.7215786995077,
              36.2537756523259
            ],
            [
              -86.7215397,
              36.2538008
            ],
            [
              -86.7214187,
              36.2538785
            ],
            [
              -86.7212817,
              36.2539663
            ],
            [
              -86.7211438,
              36.254053
            ],
            [
              -86.7210047,
              36.2541413
            ],
            [
              -86.7208651,
              36.2542302
            ],
            [
              -86.7207251,
              36.2543193
            ],
            [
              -86.720585,
              36.2544087
            ],
            [
              -86.7205008453961,
              36.2544625372913
            ],
            [
              -86.7204094,
              36.2544167
            ],
            [
              -86.720293,
              36.2543513
            ],
            [
              -86.7201836,
              36.2542809
            ],
            [
              -86.7200796,
              36.2542057
            ],
            [
              -86.719975,
              36.2541296
            ],
            [
              -86.7198716,
              36.2540542
            ],
            [
              -86.7197787,
              36.2539843
            ],
            [
              -86.7196751,
              36.2539093
            ],
            [
              -86.7195728,
              36.2538347
            ],
            [
              -86.7194695,
              36.2537589
            ],
            [
              -86.7193714,
              36.2536843
            ],
            [
              -86.7192738,
              36.2536042
            ],
            [
              -86.7191842,
              36.2535153
            ],
            [
              -86.7190936,
              36.2534275
            ],
            [
              -86.7189918,
              36.2533483
            ],
            [
              -86.7188816,
              36.2532774
            ],
            [
              -86.7187693,
              36.2532091
            ],
            [
              -86.7186531,
              36.2531472
            ],
            [
              -86.7185381,
              36.2530965
            ],
            [
              -86.7184414,
              36.2530594
            ],
            [
              -86.7183517,
              36.2530282
            ],
            [
              -86.7182836,
              36.2530033
            ],
            [
              -86.718189,
              36.2529699
            ],
            [
              -86.7180955,
              36.2529408
            ],
            [
              -86.717998,
              36.2529229
            ]
          ]
        ]
      },
      "properties": {
        "ObjectId": 7,
        "flight_id": "c4ee5275-12ee-46fc-9614-7d26be687a07",
        "vehicle_serial": null,
        "dock_serial": null,
        "user_email": null,
        "takeoff": 1779822755454,
        "landing": 1779823440527,
        "external_id": "PD202600390493",
        "description": null,
        "flight_purpose": "PERSON WITH WEAPON ",
        "operation_id": null,
        "organization_id": "678dee26-6aa8-4d60-bf1c-30c7b0f6b517",
        "Shape__Length": 0.07581392799874287
      }
    },
    {
      "type": "Feature",
      "id": 8,
      "geometry": {
        "type": "MultiLineString",
        "coordinates": [
          [
            [
              -86.6907396,
              36.2734039
            ],
            [
              -86.6907396,
              36.2734038
            ]
          ],
          [
            [
              -86.6907473330553,
              36.273402774981
            ],
            [
              -86.6907471,
              36.273403
            ],
            [
              -86.6907477,
              36.2734028
            ],
            [
              -86.6907473330553,
              36.273402774981
            ]
          ],
          [
            [
              -86.6907401093333,
              36.2733911755556
            ],
            [
              -86.6907398,
              36.2733913
            ],
            [
              -86.6907395521739,
              36.2733912173913
            ],
            [
              -86.6907396,
              36.2733916
            ],
            [
              -86.6907401093333,
              36.2733911755556
            ]
          ],
          [
            [
              -86.6907395,
              36.2733901
            ],
            [
              -86.690738,
              36.2733907
            ],
            [
              -86.6907395521739,
              36.2733912173913
            ],
            [
              -86.6907395,
              36.2733908
            ],
            [
              -86.6907395,
              36.2733901
            ]
          ],
          [
            [
              -86.6907414,
              36.2734038
            ],
            [
              -86.690741,
              36.2734037
            ],
            [
              -86.6907405,
              36.2734037
            ],
            [
              -86.6907399,
              36.2734038
            ],
            [
              -86.69073966,
              36.27340374
            ],
            [
              -86.6907396,
              36.2734038
            ],
            [
              -86.6907395,
              36.2734037
            ],
            [
              -86.69073966,
              36.27340374
            ],
            [
              -86.6907397,
              36.2734037
            ],
            [
              -86.6907397,
              36.2734036
            ],
            [
              -86.6907397,
              36.2734035
            ],
            [
              -86.6907395,
              36.273403
            ],
            [
              -86.6907391,
              36.2734029
            ],
            [
              -86.6907388,
              36.2734028
            ],
            [
              -86.6907386,
              36.2734028
            ],
            [
              -86.6907385,
              36.2734028
            ],
            [
              -86.6907383,
              36.2734027
            ],
            [
              -86.6907382,
              36.2734026
            ],
            [
              -86.6907378,
              36.2734024
            ],
            [
              -86.6907377,
              36.2734021
            ],
            [
              -86.6907373,
              36.2734017
            ],
            [
              -86.6907382,
              36.2734022
            ],
            [
              -86.6907386,
              36.2734018
            ],
            [
              -86.6907394,
              36.2734021
            ],
            [
              -86.6907391,
              36.2734008
            ],
            [
              -86.6907389,
              36.2734002
            ],
            [
              -86.6907392,
              36.2734008
            ],
            [
              -86.6907392,
              36.2734005
            ],
            [
              -86.6907389,
              36.2733996
            ],
            [
              -86.6907378,
              36.2733992
            ],
            [
              -86.6907388,
              36.2733991
            ],
            [
              -86.6907433,
              36.2734025
            ],
            [
              -86.6907473330553,
              36.273402774981
            ],
            [
              -86.69075,
              36.2734002
            ],
            [
              -86.6907715,
              36.2733904
            ],
            [
              -86.6908139,
              36.2733722
            ],
            [
              -86.6908628,
              36.2733504
            ],
            [
              -86.6909117,
              36.2733276
            ],
            [
              -86.6909622,
              36.273304
            ],
            [
              -86.6910165,
              36.2732785
            ],
            [
              -86.6910968,
              36.2732395
            ],
            [
              -86.6912086,
              36.2731884
            ],
            [
              -86.6913363,
              36.2731287
            ],
            [
              -86.6914808,
              36.2730622
            ],
            [
              -86.6916352,
              36.2729904
            ],
            [
              -86.6917892,
              36.2729186
            ],
            [
              -86.6919434,
              36.2728469
            ],
            [
              -86.6920976,
              36.2727753
            ],
            [
              -86.692252,
              36.2727039
            ],
            [
              -86.6924064,
              36.2726326
            ],
            [
              -86.6925612,
              36.2725612
            ],
            [
              -86.6927161,
              36.2724898
            ],
            [
              -86.6928701,
              36.272418
            ],
            [
              -86.6930244,
              36.2723461
            ],
            [
              -86.6931787,
              36.2722743
            ],
            [
              -86.6933331,
              36.2722026
            ],
            [
              -86.6934874,
              36.2721312
            ],
            [
              -86.693641,
              36.2720598
            ],
            [
              -86.6936895729643,
              36.2720373476532
            ],
            [
              -86.6936813,
              36.2720411
            ],
            [
              -86.6935005,
              36.2721247
            ],
            [
              -86.6933194,
              36.2722074
            ],
            [
              -86.6931408,
              36.272291
            ],
            [
              -86.6929584,
              36.2723745
            ],
            [
              -86.6927765,
              36.2724601
            ],
            [
              -86.6925916,
              36.272542
            ],
            [
              -86.6924101,
              36.272625
            ],
            [
              -86.6922056,
              36.2727162
            ],
            [
              -86.692048,
              36.2727874
            ],
            [
              -86.6918709,
              36.2728692
            ],
            [
              -86.6916958,
              36.2729483
            ],
            [
              -86.6915287,
              36.2730213
            ],
            [
              -86.6913806,
              36.273091
            ],
            [
              -86.6912511,
              36.2731542
            ],
            [
              -86.6911435,
              36.2732025
            ],
            [
              -86.691051,
              36.2732446
            ],
            [
              -86.6909593,
              36.273288
            ],
            [
              -86.6908752,
              36.2733241
            ],
            [
              -86.6908155,
              36.2733548
            ],
            [
              -86.6907729,
              36.2733753
            ],
            [
              -86.6907485,
              36.2733878
            ],
            [
              -86.690747409854,
              36.2733882385645
            ],
            [
              -86.6907466,
              36.2733882
            ],
            [
              -86.6907455,
              36.2733881
            ],
            [
              -86.6907446,
              36.2733884
            ],
            [
              -86.6907441,
              36.2733888
            ],
            [
              -86.6907438,
              36.2733889
            ],
            [
              -86.6907435,
              36.273389
            ],
            [
              -86.690743,
              36.2733892
            ],
            [
              -86.6907425,
              36.2733894
            ],
            [
              -86.6907421,
              36.2733895
            ],
            [
              -86.690742,
              36.2733895
            ],
            [
              -86.6907408,
              36.2733906
            ],
            [
              -86.6907401093333,
              36.2733911755556
            ],
            [
              -86.690747409854,
              36.2733882385645
            ],
            [
              -86.6907487,
              36.2733883
            ],
            [
              -86.6907494,
              36.2733883
            ]
          ],
          [
            [
              -86.7104701438792,
              36.2642381532318
            ],
            [
              -86.7103879,
              36.26428
            ],
            [
              -86.7102714,
              36.2643341
            ],
            [
              -86.7101271,
              36.2644013
            ],
            [
              -86.7099732,
              36.2644728
            ],
            [
              -86.7098193,
              36.2645439
            ],
            [
              -86.7096659,
              36.2646153
            ],
            [
              -86.7095122,
              36.2646868
            ],
            [
              -86.709358,
              36.2647588
            ],
            [
              -86.7092036,
              36.2648311
            ],
            [
              -86.7090484,
              36.2649025
            ],
            [
              -86.7088941,
              36.2649744
            ],
            [
              -86.7087399,
              36.2650463
            ],
            [
              -86.7085854,
              36.2651183
            ],
            [
              -86.7084306,
              36.2651894
            ],
            [
              -86.7082762,
              36.2652619
            ],
            [
              -86.7081225,
              36.265334
            ],
            [
              -86.7079681,
              36.2654058
            ],
            [
              -86.7078138,
              36.2654777
            ],
            [
              -86.7076595,
              36.2655491
            ],
            [
              -86.7075054,
              36.2656203
            ],
            [
              -86.7073513,
              36.2656917
            ],
            [
              -86.7071975,
              36.2657627
            ],
            [
              -86.7070444,
              36.2658339
            ],
            [
              -86.7068908,
              36.2659054
            ],
            [
              -86.706737,
              36.2659768
            ],
            [
              -86.7065824,
              36.266048
            ],
            [
              -86.7064285,
              36.2661197
            ],
            [
              -86.7062739,
              36.2661909
            ],
            [
              -86.7061198,
              36.2662626
            ],
            [
              -86.7059651,
              36.2663345
            ],
            [
              -86.7058103,
              36.2664061
            ],
            [
              -86.7056559,
              36.266478
            ],
            [
              -86.7055015,
              36.2665496
            ],
            [
              -86.7053473,
              36.2666216
            ],
            [
              -86.7051932,
              36.2666931
            ],
            [
              -86.7050398,
              36.2667652
            ],
            [
              -86.704886,
              36.2668363
            ],
            [
              -86.7047318,
              36.2669078
            ],
            [
              -86.7045775,
              36.2669793
            ],
            [
              -86.7044229,
              36.2670508
            ],
            [
              -86.7042684,
              36.2671225
            ],
            [
              -86.7041131,
              36.2671942
            ],
            [
              -86.7039583,
              36.2672657
            ],
            [
              -86.703804,
              36.2673376
            ],
            [
              -86.7036498,
              36.2674099
            ],
            [
              -86.7034954,
              36.2674814
            ],
            [
              -86.7033408,
              36.2675534
            ],
            [
              -86.7031867,
              36.267625
            ],
            [
              -86.7030326,
              36.2676966
            ],
            [
              -86.7028789,
              36.2677687
            ],
            [
              -86.7027251,
              36.2678406
            ],
            [
              -86.7025711,
              36.267912
            ],
            [
              -86.7024165,
              36.267983
            ],
            [
              -86.7022624,
              36.2680545
            ],
            [
              -86.7021083,
              36.2681257
            ],
            [
              -86.7019544,
              36.2681969
            ],
            [
              -86.7018003,
              36.2682689
            ],
            [
              -86.7016463,
              36.2683408
            ],
            [
              -86.7014921,
              36.2684128
            ],
            [
              -86.7013385,
              36.2684847
            ],
            [
              -86.7011848,
              36.2685555
            ],
            [
              -86.7010309,
              36.2686273
            ],
            [
              -86.7008764,
              36.2686985
            ],
            [
              -86.7007221,
              36.2687707
            ],
            [
              -86.700568,
              36.2688424
            ],
            [
              -86.7004137,
              36.2689143
            ],
            [
              -86.7002593,
              36.268986
            ],
            [
              -86.7001052,
              36.2690572
            ],
            [
              -86.6999508,
              36.2691289
            ],
            [
              -86.6997966,
              36.2691998
            ],
            [
              -86.6996423,
              36.2692714
            ],
            [
              -86.6994874,
              36.2693433
            ],
            [
              -86.6993335,
              36.2694152
            ],
            [
              -86.6991793,
              36.2694869
            ],
            [
              -86.6990252,
              36.2695587
            ],
            [
              -86.6988709,
              36.2696302
            ],
            [
              -86.6987163,
              36.2697019
            ],
            [
              -86.6985611,
              36.2697735
            ],
            [
              -86.6984064,
              36.2698449
            ],
            [
              -86.6982521,
              36.2699161
            ],
            [
              -86.6980979,
              36.2699876
            ],
            [
              -86.6979436,
              36.2700591
            ],
            [
              -86.6977907,
              36.2701308
            ],
            [
              -86.6976368,
              36.2702022
            ],
            [
              -86.6974825,
              36.2702742
            ],
            [
              -86.697329,
              36.2703462
            ],
            [
              -86.6971772,
              36.2704171
            ],
            [
              -86.6970237,
              36.2704881
            ],
            [
              -86.6968737,
              36.2705582
            ],
            [
              -86.6967212,
              36.2706292
            ],
            [
              -86.6965685,
              36.2707001
            ],
            [
              -86.6964136,
              36.2707714
            ],
            [
              -86.6962594,
              36.270843
            ],
            [
              -86.6961048,
              36.2709152
            ],
            [
              -86.6959507,
              36.2709865
            ],
            [
              -86.6957973,
              36.2710581
            ],
            [
              -86.6956429,
              36.27113
            ],
            [
              -86.6954883,
              36.2712014
            ],
            [
              -86.6953336,
              36.2712725
            ],
            [
              -86.6951789,
              36.2713439
            ],
            [
              -86.6950244,
              36.2714153
            ],
            [
              -86.6948707,
              36.2714879
            ],
            [
              -86.6947164,
              36.2715596
            ],
            [
              -86.6945624,
              36.2716321
            ],
            [
              -86.6944082,
              36.2717043
            ],
            [
              -86.6942538,
              36.2717752
            ],
            [
              -86.6941002,
              36.2718464
            ],
            [
              -86.6939473,
              36.2719172
            ],
            [
              -86.6937946,
              36.2719888
            ],
            [
              -86.6936895729643,
              36.2720373476532
            ],
            [
              -86.6938579,
              36.271961
            ],
            [
              -86.6940288,
              36.2718821
            ],
            [
              -86.694199,
              36.2718034
            ],
            [
              -86.6943699,
              36.2717249
            ],
            [
              -86.6945369,
              36.2716474
            ],
            [
              -86.6946826,
              36.2715809
            ],
            [
              -86.6948727,
              36.2714956
            ],
            [
              -86.6950421,
              36.271418
            ],
            [
              -86.6952132,
              36.2713385
            ],
            [
              -86.6953855,
              36.2712619
            ],
            [
              -86.6955562,
              36.2711834
            ],
            [
              -86.6957244,
              36.2711047
            ],
            [
              -86.6958898,
              36.2710282
            ],
            [
              -86.6960543,
              36.2709519
            ],
            [
              -86.6962225,
              36.2708733
            ],
            [
              -86.6963925,
              36.2707958
            ],
            [
              -86.6965636,
              36.270717
            ],
            [
              -86.6967356,
              36.2706383
            ],
            [
              -86.6969093,
              36.2705591
            ],
            [
              -86.6970609,
              36.2704893
            ],
            [
              -86.6972557,
              36.2704007
            ],
            [
              -86.697407,
              36.2703324
            ],
            [
              -86.6975989,
              36.2702433
            ],
            [
              -86.6977685,
              36.2701645
            ],
            [
              -86.6979432,
              36.270086
            ],
            [
              -86.6981174,
              36.2700061
            ],
            [
              -86.6982907,
              36.2699256
            ],
            [
              -86.6984679,
              36.2698451
            ],
            [
              -86.698647,
              36.2697635
            ],
            [
              -86.6988247,
              36.2696804
            ],
            [
              -86.6989989,
              36.2695997
            ],
            [
              -86.6991716,
              36.2695189
            ],
            [
              -86.699343,
              36.2694392
            ],
            [
              -86.6995167,
              36.2693599
            ],
            [
              -86.6996891,
              36.2692827
            ],
            [
              -86.6998554,
              36.2692081
            ],
            [
              -86.7000144,
              36.269134
            ],
            [
              -86.7001693,
              36.2690641
            ],
            [
              -86.700317,
              36.2689968
            ],
            [
              -86.7004641,
              36.2689299
            ],
            [
              -86.7006141,
              36.2688611
            ],
            [
              -86.7007639,
              36.2687922
            ],
            [
              -86.7009137,
              36.2687235
            ],
            [
              -86.7010649,
              36.268656
            ],
            [
              -86.7012093,
              36.2685904
            ],
            [
              -86.7013531,
              36.2685227
            ],
            [
              -86.7014977,
              36.2684539
            ],
            [
              -86.7016448,
              36.26839
            ],
            [
              -86.7017846,
              36.2683252
            ],
            [
              -86.7019274,
              36.2682613
            ],
            [
              -86.7020651,
              36.2681964
            ],
            [
              -86.7022036,
              36.2681343
            ],
            [
              -86.702341,
              36.2680695
            ],
            [
              -86.7024803,
              36.2680067
            ],
            [
              -86.7026183,
              36.2679421
            ],
            [
              -86.702757,
              36.2678776
            ],
            [
              -86.7028971,
              36.2678124
            ],
            [
              -86.7030388,
              36.2677456
            ],
            [
              -86.7031832,
              36.2676798
            ],
            [
              -86.7033273,
              36.2676141
            ],
            [
              -86.703473,
              36.2675491
            ],
            [
              -86.7036194,
              36.2674824
            ],
            [
              -86.7037675,
              36.2674151
            ],
            [
              -86.7039165,
              36.2673476
            ],
            [
              -86.7040647,
              36.2672797
            ],
            [
              -86.7042123,
              36.2672121
            ],
            [
              -86.7043583,
              36.2671447
            ],
            [
              -86.7045022,
              36.2670785
            ],
            [
              -86.7046476,
              36.2670086
            ],
            [
              -86.7047964,
              36.2669415
            ],
            [
              -86.7049456,
              36.2668751
            ],
            [
              -86.7050939,
              36.2668063
            ],
            [
              -86.7052414,
              36.2667375
            ],
            [
              -86.7053855,
              36.2666716
            ],
            [
              -86.7055259,
              36.2666076
            ],
            [
              -86.7056664,
              36.2665433
            ],
            [
              -86.705799,
              36.2664848
            ],
            [
              -86.705926,
              36.2664272
            ],
            [
              -86.7060527,
              36.2663697
            ],
            [
              -86.7061792,
              36.2663109
            ],
            [
              -86.7063098,
              36.2662488
            ],
            [
              -86.7064453,
              36.2661856
            ],
            [
              -86.7065788,
              36.2661239
            ],
            [
              -86.7067122,
              36.2660617
            ],
            [
              -86.706841,
              36.2660028
            ],
            [
              -86.7069634,
              36.2659468
            ],
            [
              -86.7070845,
              36.2658918
            ],
            [
              -86.7072049,
              36.2658385
            ],
            [
              -86.7073242,
              36.2657853
            ],
            [
              -86.7074417,
              36.2657329
            ],
            [
              -86.7075562,
              36.2656814
            ],
            [
              -86.7076708,
              36.265629
            ],
            [
              -86.7077863,
              36.2655753
            ],
            [
              -86.7079006,
              36.2655225
            ],
            [
              -86.7080166,
              36.2654698
            ],
            [
              -86.7081351,
              36.265418
            ],
            [
              -86.7082526,
              36.2653663
            ],
            [
              -86.7083696,
              36.2653119
            ],
            [
              -86.7084872,
              36.2652557
            ],
            [
              -86.7086086,
              36.2652009
            ],
            [
              -86.7087321,
              36.2651451
            ],
            [
              -86.7088575,
              36.2650888
            ],
            [
              -86.708983,
              36.2650305
            ],
            [
              -86.7091103,
              36.2649718
            ],
            [
              -86.7092377,
              36.2649129
            ],
            [
              -86.7093655,
              36.2648526
            ],
            [
              -86.7094923,
              36.2647931
            ],
            [
              -86.7096215,
              36.2647346
            ],
            [
              -86.7097522,
              36.2646759
            ],
            [
              -86.7098806,
              36.2646162
            ],
            [
              -86.7100063,
              36.2645577
            ],
            [
              -86.7101262,
              36.2645013
            ],
            [
              -86.7102275,
              36.2644529
            ],
            [
              -86.7102966,
              36.26442
            ],
            [
              -86.7103415,
              36.2643977
            ],
            [
              -86.7103603,
              36.2643902
            ],
            [
              -86.7103626,
              36.2643904
            ],
            [
              -86.7103636,
              36.2643897
            ],
            [
              -86.7103642,
              36.2643892
            ],
            [
              -86.7103646,
              36.2643891
            ],
            [
              -86.7103668,
              36.264389
            ],
            [
              -86.7104256,
              36.2643762
            ],
            [
              -86.7104845,
              36.2643569
            ],
            [
              -86.710486,
              36.2643504
            ],
            [
              -86.7104674,
              36.2643214
            ],
            [
              -86.7104559,
              36.2642956
            ],
            [
              -86.7104582,
              36.2642497
            ],
            [
              -86.7104701438792,
              36.2642381532318
            ]
          ],
          [
            [
              -86.7105694,
              36.2642072
            ],
            [
              -86.71056928,
              36.26420726
            ],
            [
              -86.7105691,
              36.2642072
            ],
            [
              -86.71056895,
              36.264207425
            ],
            [
              -86.71056928,
              36.26420726
            ],
            [
              -86.7105692928571,
              36.2642072642857
            ],
            [
              -86.7105694,
              36.2642072
            ]
          ],
          [
            [
              -86.7105573716279,
              36.2642048734884
            ],
            [
              -86.7105569,
              36.2642052
            ],
            [
              -86.7105572040936,
              36.2642052304094
            ],
            [
              -86.7105573716279,
              36.2642048734884
            ]
          ],
          [
            [
              -86.7105585,
              36.2642031
            ],
            [
              -86.7105575,
              36.2642046
            ],
            [
              -86.7105573716279,
              36.2642048734884
            ],
            [
              -86.7105582,
              36.2642043
            ],
            [
              -86.7105585,
              36.2642031
            ]
          ],
          [
            [
              -86.71056894,
              36.26419792
            ],
            [
              -86.7105687,
              36.264198
            ],
            [
              -86.710569,
              36.264198
            ],
            [
              -86.7105693,
              36.2641982
            ],
            [
              -86.7105692,
              36.2641981
            ],
            [
              -86.7105691,
              36.264198
            ],
            [
              -86.7105693,
              36.2641981
            ],
            [
              -86.710569075,
              36.264197975
            ],
            [
              -86.7105691,
              36.264198
            ],
            [
              -86.71056894,
              36.26419792
            ]
          ],
          [
            [
              -86.7105685285714,
              36.2641976714286
            ],
            [
              -86.7105685,
              36.2641977
            ],
            [
              -86.71056852,
              36.26419773
            ],
            [
              -86.7105685880597,
              36.2641977044776
            ],
            [
              -86.7105686368421,
              36.2641977315789
            ],
            [
              -86.71056865,
              36.264197725
            ],
            [
              -86.7105688,
              36.2641978
            ],
            [
              -86.7105687,
              36.2641977
            ],
            [
              -86.71056865,
              36.264197725
            ],
            [
              -86.7105686,
              36.2641977
            ],
            [
              -86.7105685880597,
              36.2641977044776
            ],
            [
              -86.7105685285714,
              36.2641976714286
            ]
          ],
          [
            [
              -86.7105682363636,
              36.2641972909091
            ],
            [
              -86.7105682,
              36.2641973
            ],
            [
              -86.71056825,
              36.2641973
            ],
            [
              -86.7105684,
              36.2641974
            ],
            [
              -86.7105684,
              36.2641973
            ],
            [
              -86.7105683,
              36.2641973
            ],
            [
              -86.71056825,
              36.2641973
            ],
            [
              -86.7105682363636,
              36.2641972909091
            ]
          ],
          [
            [
              -86.7105682,
              36.2641973
            ],
            [
              -86.7105680588235,
              36.2641972294118
            ],
            [
              -86.7105680102564,
              36.2641972641026
            ],
            [
              -86.7105678608696,
              36.2641972043478
            ],
            [
              -86.7105668,
              36.264198
            ],
            [
              -86.7105664454546,
              36.2641983818182
            ],
            [
              -86.7105680102564,
              36.2641972641026
            ],
            [
              -86.7105681,
              36.2641973
            ],
            [
              -86.7105682,
              36.2641973
            ],
            [
              -86.7105684,
              36.2641974
            ],
            [
              -86.7105684,
              36.2641976
            ],
            [
              -86.7105685285714,
              36.2641976714286
            ],
            [
              -86.7105686,
              36.2641976
            ],
            [
              -86.7105686,
              36.2641977
            ],
            [
              -86.7105686705882,
              36.2641975941176
            ],
            [
              -86.7105688714286,
              36.2641978619048
            ],
            [
              -86.7105686368421,
              36.2641977315789
            ],
            [
              -86.71056855,
              36.264197775
            ],
            [
              -86.71056852,
              36.26419773
            ],
            [
              -86.7105678,
              36.264198
            ],
            [
              -86.7105686,
              36.2641982
            ],
            [
              -86.71056855,
              36.264198
            ],
            [
              -86.7105685,
              36.264198
            ],
            [
              -86.710568547619,
              36.2641979904762
            ],
            [
              -86.71056855,
              36.264198
            ],
            [
              -86.7105687,
              36.264198
            ],
            [
              -86.7105686764706,
              36.2641979647059
            ],
            [
              -86.710568547619,
              36.2641979904762
            ],
            [
              -86.7105685,
              36.2641978
            ],
            [
              -86.71056855,
              36.264197775
            ],
            [
              -86.7105686764706,
              36.2641979647059
            ],
            [
              -86.7105689285714,
              36.2641979142857
            ],
            [
              -86.71056894,
              36.26419792
            ],
            [
              -86.7105689625,
              36.2641979125
            ],
            [
              -86.710569075,
              36.264197975
            ],
            [
              -86.710569,
              36.2641979
            ],
            [
              -86.7105689625,
              36.2641979125
            ],
            [
              -86.7105689558824,
              36.2641979088235
            ],
            [
              -86.7105689285714,
              36.2641979142857
            ],
            [
              -86.7105689,
              36.2641979
            ],
            [
              -86.7105688714286,
              36.2641978619048
            ],
            [
              -86.7105689558824,
              36.2641979088235
            ],
            [
              -86.710569,
              36.2641979
            ]
          ],
          [
            [
              -86.7105681,
              36.2641972
            ],
            [
              -86.7105682363636,
              36.2641972909091
            ],
            [
              -86.7105683142857,
              36.2641972714286
            ],
            [
              -86.7105684,
              36.2641973
            ],
            [
              -86.7105684,
              36.26419725
            ],
            [
              -86.7105683142857,
              36.2641972714286
            ],
            [
              -86.7105681,
              36.2641972
            ]
          ],
          [
            [
              -86.7105687,
              36.2641976
            ],
            [
              -86.710569,
              36.2641979
            ],
            [
              -86.7105695,
              36.2641978
            ],
            [
              -86.7105692666667,
              36.2641974888889
            ],
            [
              -86.7105693,
              36.2641975
            ],
            [
              -86.7105696,
              36.2641975
            ],
            [
              -86.7105692,
              36.2641974
            ],
            [
              -86.7105692666667,
              36.2641974888889
            ],
            [
              -86.7105687,
              36.2641973
            ],
            [
              -86.7105693,
              36.2641978
            ],
            [
              -86.7105688,
              36.2641974
            ],
            [
              -86.7105686705882,
              36.2641975941176
            ],
            [
              -86.7105686428571,
              36.2641975571429
            ],
            [
              -86.7105686,
              36.2641976
            ],
            [
              -86.7105686,
              36.2641975
            ],
            [
              -86.7105686428571,
              36.2641975571429
            ],
            [
              -86.7105688,
              36.2641974
            ],
            [
              -86.7105687,
              36.2641973
            ],
            [
              -86.7105686,
              36.2641972
            ],
            [
              -86.7105684,
              36.26419725
            ],
            [
              -86.7105684,
              36.2641972
            ]
          ],
          [
            [
              -86.7105675,
              36.2641969
            ],
            [
              -86.7105676,
              36.2641971
            ],
            [
              -86.7105678608696,
              36.2641972043478
            ],
            [
              -86.71056792,
              36.26419716
            ],
            [
              -86.7105680588235,
              36.2641972294118
            ],
            [
              -86.7105681,
              36.2641972
            ],
            [
              -86.7105680689189,
              36.2641970756757
            ],
            [
              -86.710568,
              36.2641971
            ],
            [
              -86.71056792,
              36.26419716
            ],
            [
              -86.7105678,
              36.2641971
            ],
            [
              -86.7105675,
              36.2641969
            ]
          ],
          [
            [
              -86.7105689633333,
              36.26419676
            ],
            [
              -86.7105684280575,
              36.2641969489209
            ],
            [
              -86.71056825,
              36.26419685
            ],
            [
              -86.7105682666667,
              36.2641969333333
            ],
            [
              -86.710568,
              36.2641968
            ],
            [
              -86.7105680689189,
              36.2641970756757
            ],
            [
              -86.7105682802198,
              36.2641970010989
            ],
            [
              -86.7105683,
              36.2641971
            ],
            [
              -86.7105686,
              36.2641971
            ],
            [
              -86.7105683517241,
              36.2641969758621
            ],
            [
              -86.7105682802198,
              36.2641970010989
            ],
            [
              -86.7105682666667,
              36.2641969333333
            ],
            [
              -86.7105683517241,
              36.2641969758621
            ],
            [
              -86.7105684280575,
              36.2641969489209
            ],
            [
              -86.7105687,
              36.2641971
            ],
            [
              -86.7105688,
              36.2641969
            ],
            [
              -86.7105689633333,
              36.26419676
            ]
          ],
          [
            [
              -86.7105682,
              36.2641966
            ],
            [
              -86.7105678,
              36.2641966
            ],
            [
              -86.71056825,
              36.26419685
            ],
            [
              -86.7105682,
              36.2641966
            ]
          ],
          [
            [
              -86.7105698125,
              36.26419605
            ],
            [
              -86.7105695,
              36.2641963
            ],
            [
              -86.7105689633333,
              36.26419676
            ],
            [
              -86.7105697,
              36.2641965
            ],
            [
              -86.7105698125,
              36.26419605
            ]
          ],
          [
            [
              -86.7105699,
              36.2641957
            ],
            [
              -86.7105698,
              36.264196
            ],
            [
              -86.7105698285714,
              36.2641959857143
            ],
            [
              -86.7105698125,
              36.26419605
            ],
            [
              -86.71057,
              36.2641959
            ],
            [
              -86.7105698285714,
              36.2641959857143
            ],
            [
              -86.7105699,
              36.2641957
            ]
          ],
          [
            [
              -86.7105689,
              36.2641954
            ],
            [
              -86.7105689,
              36.26419566
            ],
            [
              -86.7105687,
              36.2641955
            ],
            [
              -86.7105689,
              36.2641959
            ],
            [
              -86.7105689,
              36.26419566
            ],
            [
              -86.7105692,
              36.2641959
            ],
            [
              -86.7105693,
              36.264196
            ],
            [
              -86.7105695,
              36.2641958
            ],
            [
              -86.7105698,
              36.2641958
            ],
            [
              -86.7105699,
              36.2641957
            ],
            [
              -86.7105689,
              36.2641954
            ]
          ],
          [
            [
              -86.7105682,
              36.2641518
            ],
            [
              -86.7105685,
              36.264152
            ],
            [
              -86.7105689,
              36.2641525
            ],
            [
              -86.7105692,
              36.2641531
            ],
            [
              -86.7105703,
              36.2641539
            ],
            [
              -86.710571,
              36.2641538
            ],
            [
              -86.7105716978723,
              36.2641539163121
            ],
            [
              -86.7105725227273,
              36.2641519
            ],
            [
              -86.7105715,
              36.2641519
            ],
            [
              -86.7105705,
              36.2641523
            ],
            [
              -86.710569,
              36.2641521
            ],
            [
              -86.7105682,
              36.2641518
            ]
          ],
          [
            [
              -86.7105733,
              36.26415
            ],
            [
              -86.7105725227273,
              36.2641519
            ],
            [
              -86.7105729,
              36.2641519
            ],
            [
              -86.7105741,
              36.2641509
            ],
            [
              -86.7105733,
              36.26415
            ]
          ],
          [
            [
              -86.7105871,
              36.2641435
            ],
            [
              -86.7105805,
              36.2641437
            ],
            [
              -86.7105767,
              36.2641469
            ],
            [
              -86.7105757,
              36.2641501
            ],
            [
              -86.7105738,
              36.2641535
            ],
            [
              -86.7105731,
              36.2641542
            ],
            [
              -86.7105722,
              36.264154
            ],
            [
              -86.7105716978723,
              36.2641539163121
            ],
            [
              -86.7105661,
              36.2641676
            ],
            [
              -86.7105566,
              36.2641907
            ],
            [
              -86.7105563,
              36.2641902
            ],
            [
              -86.7105564,
              36.2641893
            ],
            [
              -86.7105557,
              36.2641881
            ],
            [
              -86.7105547,
              36.2641878
            ],
            [
              -86.7105538,
              36.2641879
            ],
            [
              -86.7105535,
              36.2641876
            ],
            [
              -86.7105427,
              36.2641922
            ],
            [
              -86.7104973,
              36.2642119
            ],
            [
              -86.7104701438792,
              36.2642381532318
            ],
            [
              -86.710473,
              36.2642367
            ],
            [
              -86.7105342,
              36.264212
            ],
            [
              -86.7105639,
              36.2642002
            ],
            [
              -86.7105664454546,
              36.2641983818182
            ],
            [
              -86.7105655,
              36.2641994
            ],
            [
              -86.7105652,
              36.264201
            ],
            [
              -86.7105638,
              36.2642023
            ],
            [
              -86.710563,
              36.2642036
            ],
            [
              -86.7105614,
              36.2642049
            ],
            [
              -86.7105610142857,
              36.2642055267857
            ],
            [
              -86.7105608,
              36.2642055
            ],
            [
              -86.7105598,
              36.2642053
            ],
            [
              -86.7105592,
              36.2642043
            ],
            [
              -86.7105586,
              36.2642041
            ],
            [
              -86.7105587,
              36.2642036
            ],
            [
              -86.7105579,
              36.2642053
            ],
            [
              -86.7105572040936,
              36.2642052304094
            ],
            [
              -86.7105552,
              36.2642095
            ],
            [
              -86.7105549,
              36.2642101
            ],
            [
              -86.7105549,
              36.2642104
            ],
            [
              -86.7105556,
              36.2642103
            ],
            [
              -86.7105551,
              36.2642115
            ],
            [
              -86.710556,
              36.2642118
            ],
            [
              -86.7105572,
              36.2642113
            ],
            [
              -86.710558,
              36.2642101
            ],
            [
              -86.7105587,
              36.264209
            ],
            [
              -86.7105596,
              36.2642077
            ],
            [
              -86.7105606,
              36.2642062
            ],
            [
              -86.7105610142857,
              36.2642055267857
            ],
            [
              -86.7105624,
              36.2642057
            ],
            [
              -86.7105637,
              36.2642063
            ],
            [
              -86.7105645,
              36.2642064
            ],
            [
              -86.7105654,
              36.2642064
            ],
            [
              -86.7105676,
              36.2642071
            ],
            [
              -86.7105688,
              36.2642076
            ],
            [
              -86.7105688,
              36.2642075
            ],
            [
              -86.71056895,
              36.264207425
            ],
            [
              -86.7105689,
              36.2642075
            ],
            [
              -86.7105692928571,
              36.2642072642857
            ],
            [
              -86.71057,
              36.2642075
            ],
            [
              -86.7105718,
              36.2642075
            ],
            [
              -86.7105738,
              36.2642078
            ],
            [
              -86.7105745,
              36.2642079
            ],
            [
              -86.7105744,
              36.2642082
            ],
            [
              -86.7105748,
              36.2642079
            ],
            [
              -86.7105776,
              36.2642067
            ],
            [
              -86.7105806,
              36.264205
            ],
            [
              -86.7105829,
              36.2642033
            ],
            [
              -86.7105852,
              36.2642017
            ],
            [
              -86.7105873,
              36.2642
            ],
            [
              -86.7105896,
              36.2641987
            ],
            [
              -86.710593,
              36.2641974
            ],
            [
              -86.7105959,
              36.2641959
            ],
            [
              -86.7105987,
              36.2641944
            ],
            [
              -86.7106005,
              36.2641928
            ],
            [
              -86.7106039,
              36.2641911
            ],
            [
              -86.7106077,
              36.2641893
            ],
            [
              -86.710611,
              36.2641876
            ],
            [
              -86.7106133,
              36.2641859
            ],
            [
              -86.7106163,
              36.2641845
            ],
            [
              -86.7106193,
              36.2641833
            ],
            [
              -86.7106219,
              36.2641804
            ],
            [
              -86.7106228,
              36.2641756
            ],
            [
              -86.7106222,
              36.2641745
            ],
            [
              -86.7106218,
              36.2641731
            ],
            [
              -86.7106216,
              36.2641715
            ],
            [
              -86.7106211,
              36.2641703
            ],
            [
              -86.7106216,
              36.2641695
            ],
            [
              -86.7106181,
              36.2641641
            ],
            [
              -86.7106087,
              36.2641591
            ],
            [
              -86.7105947,
              36.2641543
            ],
            [
              -86.7105913,
              36.2641509
            ],
            [
              -86.7105911,
              36.2641499
            ],
            [
              -86.7105871,
              36.2641435
            ]
          ]
        ]
      },
      "properties": {
        "ObjectId": 8,
        "flight_id": "5ad6cf0e-8f8b-4d77-9edb-ef552265635e",
        "vehicle_serial": null,
        "dock_serial": null,
        "user_email": null,
        "takeoff": 1779827677858,
        "landing": 1779828162697,
        "external_id": "PD202600390721",
        "description": null,
        "flight_purpose": "VEHICLE ACCIDENT - PROPERTY DAMAGE",
        "operation_id": null,
        "organization_id": "678dee26-6aa8-4d60-bf1c-30c7b0f6b517",
        "Shape__Length": 0.044121711183590616
      }
    },
    {
      "type": "Feature",
      "id": 9,
      "geometry": {
        "type": "MultiLineString",
        "coordinates": [
          [
            [
              -86.6996445,
              36.2930929
            ],
            [
              -86.6996443333333,
              36.2930929
            ],
            [
              -86.6996443,
              36.2930928
            ],
            [
              -86.6996443,
              36.2930929
            ],
            [
              -86.6996443333333,
              36.2930929
            ],
            [
              -86.6996444,
              36.2930931
            ],
            [
              -86.6996443,
              36.293093
            ],
            [
              -86.6996443,
              36.2930931057143
            ],
            [
              -86.6996442,
              36.2930931
            ],
            [
              -86.6996443,
              36.2930933
            ],
            [
              -86.6996443,
              36.2930931057143
            ],
            [
              -86.6996897,
              36.2930957
            ],
            [
              -86.6997066979315,
              36.2930935855032
            ],
            [
              -86.6997088,
              36.2930938
            ],
            [
              -86.6997138,
              36.2930946
            ],
            [
              -86.6997253,
              36.2930935
            ],
            [
              -86.6997401548493,
              36.293089423553
            ],
            [
              -86.6997066979315,
              36.2930935855032
            ],
            [
              -86.6997039,
              36.2930933
            ],
            [
              -86.6996991,
              36.2930934
            ],
            [
              -86.6996947,
              36.2930932
            ],
            [
              -86.6996905,
              36.2930931
            ],
            [
              -86.6996867,
              36.2930933
            ],
            [
              -86.6996832,
              36.2930932
            ],
            [
              -86.69968,
              36.2930933
            ],
            [
              -86.6996766,
              36.293093
            ],
            [
              -86.699673,
              36.2930924
            ],
            [
              -86.6996696,
              36.293092
            ],
            [
              -86.6996671,
              36.2930923
            ],
            [
              -86.699664,
              36.2930925
            ],
            [
              -86.6996606,
              36.2930918
            ],
            [
              -86.6996582,
              36.2930923
            ],
            [
              -86.6996558,
              36.2930921
            ],
            [
              -86.6996542,
              36.2930921
            ],
            [
              -86.6996509,
              36.293092
            ],
            [
              -86.6996481,
              36.2930922
            ],
            [
              -86.6996454,
              36.2930924
            ],
            [
              -86.699644,
              36.2930926
            ],
            [
              -86.6996442,
              36.2930929
            ],
            [
              -86.6996443,
              36.2930929
            ],
            [
              -86.6996443,
              36.293093
            ],
            [
              -86.6996443,
              36.293093
            ],
            [
              -86.6996442,
              36.2930929
            ],
            [
              -86.699644,
              36.2930929
            ]
          ],
          [
            [
              -86.7000536722975,
              36.2929878035444
            ],
            [
              -86.6999805,
              36.2930017
            ],
            [
              -86.6999301,
              36.2930209
            ],
            [
              -86.6998816,
              36.2930435
            ],
            [
              -86.6998273,
              36.2930649
            ],
            [
              -86.6997683,
              36.2930817
            ],
            [
              -86.6997401548493,
              36.293089423553
            ],
            [
              -86.6997934,
              36.2930828
            ],
            [
              -86.6998964,
              36.2930561
            ],
            [
              -86.6999433,
              36.2930421
            ],
            [
              -86.7000207,
              36.2930029
            ],
            [
              -86.7000536722975,
              36.2929878035444
            ]
          ],
          [
            [
              -86.7002420618795,
              36.2929083517952
            ],
            [
              -86.700227,
              36.292914
            ],
            [
              -86.7001334,
              36.2929513
            ],
            [
              -86.7000536722975,
              36.2929878035444
            ],
            [
              -86.7000737,
              36.292984
            ],
            [
              -86.7001999,
              36.2929753
            ],
            [
              -86.7002697134623,
              36.292974019489
            ],
            [
              -86.7002716,
              36.2929781
            ],
            [
              -86.7002718,
              36.2929772
            ],
            [
              -86.7002725,
              36.2929772
            ],
            [
              -86.700273,
              36.2929773
            ],
            [
              -86.7002727,
              36.292978
            ],
            [
              -86.7002722,
              36.2929787
            ],
            [
              -86.7002734,
              36.2929792
            ],
            [
              -86.7002742,
              36.2929799
            ],
            [
              -86.7002748,
              36.2929801
            ],
            [
              -86.7002752,
              36.29298
            ],
            [
              -86.7002751,
              36.292981
            ],
            [
              -86.7002747,
              36.2929818
            ],
            [
              -86.7002829,
              36.2929751
            ],
            [
              -86.7002850003879,
              36.2929737390978
            ],
            [
              -86.7002697134623,
              36.292974019489
            ],
            [
              -86.7002581,
              36.2929489
            ],
            [
              -86.7002420618795,
              36.2929083517952
            ]
          ],
          [
            [
              -86.7006203756041,
              36.2928662669735
            ],
            [
              -86.7005741,
              36.2928728
            ],
            [
              -86.7004513,
              36.2928902
            ],
            [
              -86.7003505,
              36.2929313
            ],
            [
              -86.7002850003879,
              36.2929737390978
            ],
            [
              -86.7003362,
              36.2929728
            ],
            [
              -86.7004614,
              36.2929598
            ],
            [
              -86.7005583,
              36.2929073
            ],
            [
              -86.7006203756041,
              36.2928662669735
            ]
          ],
          [
            [
              -86.7004995454546,
              36.2928135363636
            ],
            [
              -86.7004994,
              36.2928136
            ],
            [
              -86.7004993,
              36.2928137
            ],
            [
              -86.7004995454546,
              36.2928135363636
            ]
          ],
          [
            [
              -86.7005000692308,
              36.2928132307692
            ],
            [
              -86.7005,
              36.2928133
            ],
            [
              -86.7005,
              36.2928133310345
            ],
            [
              -86.7005000692308,
              36.2928132307692
            ]
          ],
          [
            [
              -86.7005,
              36.292813
            ],
            [
              -86.7004996,
              36.2928135
            ],
            [
              -86.7004995454546,
              36.2928135363636
            ],
            [
              -86.7004999936034,
              36.2928133402985
            ],
            [
              -86.7004994,
              36.2928142
            ],
            [
              -86.7004997,
              36.292814
            ],
            [
              -86.7004999,
              36.2928138
            ],
            [
              -86.7005,
              36.2928138
            ],
            [
              -86.7005,
              36.2928133375
            ],
            [
              -86.7004999936034,
              36.2928133402985
            ],
            [
              -86.7005,
              36.2928133310345
            ],
            [
              -86.7005,
              36.2928133375
            ],
            [
              -86.7005003081081,
              36.2928132027027
            ],
            [
              -86.7005006,
              36.2928133
            ],
            [
              -86.7005003962264,
              36.2928131641509
            ],
            [
              -86.7005003081081,
              36.2928132027027
            ],
            [
              -86.7005003,
              36.2928132
            ],
            [
              -86.7005002,
              36.2928131
            ],
            [
              -86.7005000692308,
              36.2928132307692
            ],
            [
              -86.7005001595238,
              36.2928131
            ],
            [
              -86.7005,
              36.2928131
            ],
            [
              -86.7005,
              36.292813
            ]
          ],
          [
            [
              -86.6998387463415,
              36.2925918804878
            ],
            [
              -86.6998384,
              36.2925924
            ],
            [
              -86.6998388,
              36.2925923
            ],
            [
              -86.6998389,
              36.292592
            ],
            [
              -86.6998387463415,
              36.2925918804878
            ]
          ],
          [
            [
              -86.6998381186046,
              36.2925886348837
            ],
            [
              -86.6998368,
              36.2925892
            ],
            [
              -86.6998363,
              36.2925902
            ],
            [
              -86.699838,
              36.2925913
            ],
            [
              -86.6998387463415,
              36.2925918804878
            ],
            [
              -86.6998388,
              36.2925918
            ],
            [
              -86.6998383,
              36.2925914
            ],
            [
              -86.6998385,
              36.2925903
            ],
            [
              -86.6998387,
              36.2925896
            ],
            [
              -86.6998388,
              36.2925891
            ],
            [
              -86.6998382,
              36.2925887
            ],
            [
              -86.6998381186046,
              36.2925886348837
            ]
          ],
          [
            [
              -86.6998347217391,
              36.2925866956522
            ],
            [
              -86.6998346,
              36.292587
            ],
            [
              -86.6998348545455,
              36.2925868727273
            ],
            [
              -86.6998351,
              36.2925872
            ],
            [
              -86.6998353,
              36.2925869
            ],
            [
              -86.6998352,
              36.2925868
            ],
            [
              -86.699835,
              36.292587
            ],
            [
              -86.699835,
              36.2925868
            ],
            [
              -86.6998348545455,
              36.2925868727273
            ],
            [
              -86.6998347217391,
              36.2925866956522
            ]
          ],
          [
            [
              -86.6998378351351,
              36.2925860081081
            ],
            [
              -86.6998371,
              36.2925861
            ],
            [
              -86.6998367,
              36.2925862
            ],
            [
              -86.6998372,
              36.2925867
            ],
            [
              -86.6998371,
              36.2925873
            ],
            [
              -86.6998376,
              36.2925877
            ],
            [
              -86.6998377,
              36.2925883
            ],
            [
              -86.6998381186046,
              36.2925886348837
            ],
            [
              -86.6998382,
              36.2925886
            ],
            [
              -86.6998381,
              36.2925872
            ],
            [
              -86.6998378351351,
              36.2925860081081
            ]
          ],
          [
            [
              -86.6998377589862,
              36.2925853336406
            ],
            [
              -86.6998377,
              36.2925854
            ],
            [
              -86.6998378351351,
              36.2925860081081
            ],
            [
              -86.6998379,
              36.292586
            ],
            [
              -86.6998384,
              36.2925858
            ],
            [
              -86.6998379,
              36.2925854
            ],
            [
              -86.6998377589862,
              36.2925853336406
            ]
          ],
          [
            [
              -86.6998321571429,
              36.2925833142857
            ],
            [
              -86.6998322,
              36.2925834
            ],
            [
              -86.6998325,
              36.2925834
            ],
            [
              -86.6998321571429,
              36.2925833142857
            ]
          ],
          [
            [
              -86.6998321416667,
              36.2925832833333
            ],
            [
              -86.6998321,
              36.2925833
            ],
            [
              -86.6998321571429,
              36.2925833142857
            ],
            [
              -86.6998321416667,
              36.2925832833333
            ]
          ],
          [
            [
              -86.69983215,
              36.29258295
            ],
            [
              -86.6998321,
              36.292583
            ],
            [
              -86.6998322,
              36.2925832
            ],
            [
              -86.69983212,
              36.29258324
            ],
            [
              -86.6998321,
              36.2925832
            ],
            [
              -86.699832,
              36.2925833
            ],
            [
              -86.69983212,
              36.29258324
            ],
            [
              -86.6998321416667,
              36.2925832833333
            ],
            [
              -86.6998326,
              36.2925831
            ],
            [
              -86.69983215,
              36.29258295
            ]
          ],
          [
            [
              -86.6998314129568,
              36.2925827903654
            ],
            [
              -86.6998314,
              36.2925828
            ],
            [
              -86.6998314666667,
              36.2925828333333
            ],
            [
              -86.6998314129568,
              36.2925827903654
            ]
          ],
          [
            [
              -86.7016961,
              36.2925254
            ],
            [
              -86.7016962,
              36.2925255
            ],
            [
              -86.7016962666667,
              36.2925257
            ],
            [
              -86.7016963,
              36.2925257
            ],
            [
              -86.701696275,
              36.292525725
            ],
            [
              -86.7016962666667,
              36.2925257
            ],
            [
              -86.7016961,
              36.2925257
            ],
            [
              -86.701696,
              36.2925259
            ],
            [
              -86.7016963,
              36.2925258
            ],
            [
              -86.7016962,
              36.2925258
            ],
            [
              -86.701696275,
              36.292525725
            ],
            [
              -86.7016963,
              36.2925258
            ],
            [
              -86.70169635,
              36.29252565
            ],
            [
              -86.7016963,
              36.2925257
            ],
            [
              -86.7016964,
              36.2925255
            ],
            [
              -86.7016961,
              36.2925254
            ]
          ],
          [
            [
              -86.7013212927185,
              36.292422674866
            ],
            [
              -86.701287,
              36.2924437
            ],
            [
              -86.7011919,
              36.2925021
            ],
            [
              -86.701097,
              36.2925611
            ],
            [
              -86.7010703806752,
              36.292577898603
            ],
            [
              -86.701112,
              36.2925551
            ],
            [
              -86.701183,
              36.292516
            ],
            [
              -86.701252,
              36.2924741
            ],
            [
              -86.7013183,
              36.2924251
            ],
            [
              -86.7013212927185,
              36.292422674866
            ]
          ],
          [
            [
              -86.7006413,
              36.2923869
            ],
            [
              -86.7006408,
              36.2923872
            ],
            [
              -86.7006406,
              36.2923882
            ],
            [
              -86.7006401,
              36.2923899
            ],
            [
              -86.7006401,
              36.2923921
            ],
            [
              -86.700640039881,
              36.2923937232143
            ],
            [
              -86.7006411,
              36.2923925
            ],
            [
              -86.700642,
              36.2923911
            ],
            [
              -86.7006424,
              36.2923897
            ],
            [
              -86.7006421,
              36.2923882
            ],
            [
              -86.7006417,
              36.2923874
            ],
            [
              -86.7006413,
              36.2923869
            ]
          ],
          [
            [
              -86.7006182,
              36.2923661
            ],
            [
              -86.7006226190233,
              36.2923740422986
            ],
            [
              -86.7006227,
              36.2923735
            ],
            [
              -86.7006182,
              36.2923661
            ]
          ],
          [
            [
              -86.7017232760869,
              36.2919907934783
            ],
            [
              -86.7017224,
              36.2919914
            ],
            [
              -86.7017213,
              36.2919925
            ],
            [
              -86.7017202,
              36.2919942
            ],
            [
              -86.7017187,
              36.2919949
            ],
            [
              -86.7017186,
              36.2919953
            ],
            [
              -86.7017174,
              36.2919961
            ],
            [
              -86.7017168,
              36.2919964
            ],
            [
              -86.70171640625,
              36.2919967375
            ],
            [
              -86.7017165,
              36.2919967
            ],
            [
              -86.7017161,
              36.291997
            ],
            [
              -86.70171640625,
              36.2919967375
            ],
            [
              -86.701716,
              36.2919969
            ],
            [
              -86.7017151576066,
              36.292002880993
            ],
            [
              -86.7017224,
              36.2919936
            ],
            [
              -86.7017232,
              36.2919909
            ],
            [
              -86.7017232760869,
              36.2919907934783
            ]
          ],
          [
            [
              -86.7017246666666,
              36.2919889000001
            ],
            [
              -86.7017242,
              36.2919895
            ],
            [
              -86.7017232760869,
              36.2919907934783
            ],
            [
              -86.7017237,
              36.2919905
            ],
            [
              -86.7017243,
              36.2919898
            ],
            [
              -86.7017244,
              36.2919893
            ],
            [
              -86.7017246666666,
              36.2919889000001
            ]
          ],
          [
            [
              -86.7017249,
              36.2919886
            ],
            [
              -86.7017248,
              36.2919887
            ],
            [
              -86.7017246666666,
              36.2919889000001
            ],
            [
              -86.7017249,
              36.2919886
            ]
          ],
          [
            [
              -86.7030161251353,
              36.2912666647526
            ],
            [
              -86.7029892,
              36.2912978
            ],
            [
              -86.7029717,
              36.2913308
            ],
            [
              -86.7029694,
              36.2913338
            ],
            [
              -86.702967,
              36.2913393
            ],
            [
              -86.7029604,
              36.2913534
            ],
            [
              -86.7029582,
              36.2913711
            ],
            [
              -86.7029593,
              36.2913723
            ],
            [
              -86.70296,
              36.2913732
            ],
            [
              -86.702962,
              36.2913744
            ],
            [
              -86.7029632,
              36.291375
            ],
            [
              -86.7029633,
              36.2913753
            ],
            [
              -86.7029646,
              36.2913705
            ],
            [
              -86.7029658,
              36.2913651
            ],
            [
              -86.7029669,
              36.2913592
            ],
            [
              -86.7029685,
              36.2913527
            ],
            [
              -86.7029707,
              36.2913443
            ],
            [
              -86.7029736,
              36.2913338
            ],
            [
              -86.7029849,
              36.2913149
            ],
            [
              -86.7030161251353,
              36.2912666647526
            ]
          ],
          [
            [
              -86.7033005218236,
              36.2907621545717
            ],
            [
              -86.7032925,
              36.2907708
            ],
            [
              -86.7032169,
              36.2908665
            ],
            [
              -86.7031639,
              36.2909535
            ],
            [
              -86.7031109,
              36.2910603
            ],
            [
              -86.7030696,
              36.2911695
            ],
            [
              -86.703024,
              36.2912545
            ],
            [
              -86.7030161251353,
              36.2912666647526
            ],
            [
              -86.7030442,
              36.2912342
            ],
            [
              -86.7031069,
              36.2911709
            ],
            [
              -86.7031506,
              36.2911117
            ],
            [
              -86.7031566,
              36.2910436
            ],
            [
              -86.7031892,
              36.2909621
            ],
            [
              -86.7032405,
              36.2908647
            ],
            [
              -86.7033005218236,
              36.2907621545717
            ]
          ],
          [
            [
              -86.7033518222222,
              36.2906543666667
            ],
            [
              -86.7033516,
              36.2906545
            ],
            [
              -86.7033518947368,
              36.2906545842105
            ],
            [
              -86.7033518222222,
              36.2906543666667
            ]
          ],
          [
            [
              -86.703356,
              36.2906462
            ],
            [
              -86.7033557,
              36.2906464
            ],
            [
              -86.7033547,
              36.2906476
            ],
            [
              -86.7033528555556,
              36.2906527644445
            ],
            [
              -86.7033531,
              36.2906523
            ],
            [
              -86.7033543,
              36.2906508
            ],
            [
              -86.703354,
              36.29065
            ],
            [
              -86.703355,
              36.2906486
            ],
            [
              -86.7033554,
              36.2906469
            ],
            [
              -86.7033564,
              36.2906463
            ],
            [
              -86.703356,
              36.2906462
            ]
          ],
          [
            [
              -86.6907317,
              36.2734303
            ],
            [
              -86.6907317,
              36.2734304
            ],
            [
              -86.6907317,
              36.2734305
            ],
            [
              -86.6907318,
              36.2734305
            ],
            [
              -86.690731875,
              36.2734305
            ],
            [
              -86.6907321,
              36.2734308
            ],
            [
              -86.6907322,
              36.2734304
            ],
            [
              -86.6907321,
              36.2734305
            ],
            [
              -86.690732,
              36.2734304
            ],
            [
              -86.6907319,
              36.2734305
            ],
            [
              -86.690731875,
              36.2734305
            ],
            [
              -86.6907318,
              36.2734304
            ],
            [
              -86.6907317,
              36.2734303
            ]
          ],
          [
            [
              -86.6907317,
              36.2734302
            ],
            [
              -86.6907316,
              36.2734302
            ],
            [
              -86.6907317,
              36.2734303
            ],
            [
              -86.6907317,
              36.2734302
            ]
          ],
          [
            [
              -86.6907444125,
              36.273416975
            ],
            [
              -86.6907438,
              36.2734175
            ],
            [
              -86.6907443653846,
              36.2734175269231
            ],
            [
              -86.6907443,
              36.2734172
            ],
            [
              -86.6907444125,
              36.273416975
            ]
          ],
          [
            [
              -86.6907323,
              36.2734312
            ],
            [
              -86.6907321,
              36.2734308
            ],
            [
              -86.690732,
              36.2734308
            ],
            [
              -86.6907319,
              36.2734309
            ],
            [
              -86.6907317,
              36.2734307
            ],
            [
              -86.6907317,
              36.2734305
            ],
            [
              -86.6907316,
              36.2734305
            ],
            [
              -86.6907314,
              36.2734304
            ],
            [
              -86.6907312,
              36.2734304
            ],
            [
              -86.6907311,
              36.2734302
            ],
            [
              -86.6907312,
              36.27343
            ],
            [
              -86.6907313,
              36.2734295
            ],
            [
              -86.6907315,
              36.2734292
            ],
            [
              -86.6907318,
              36.2734281
            ],
            [
              -86.6907321,
              36.2734286
            ],
            [
              -86.6907321,
              36.2734273
            ],
            [
              -86.6907347,
              36.2734299
            ],
            [
              -86.6907345,
              36.2734279
            ],
            [
              -86.6907357,
              36.2734271
            ],
            [
              -86.6907364,
              36.2734261
            ],
            [
              -86.6907383,
              36.273426
            ],
            [
              -86.6907401,
              36.2734274
            ],
            [
              -86.69074,
              36.2734289
            ],
            [
              -86.6907402,
              36.2734299
            ],
            [
              -86.690741,
              36.273432
            ],
            [
              -86.6907506,
              36.2734455
            ],
            [
              -86.6907668,
              36.273478
            ],
            [
              -86.6907871,
              36.2735197
            ],
            [
              -86.6908079,
              36.2735646
            ],
            [
              -86.6908284,
              36.2736083
            ],
            [
              -86.6908504,
              36.2736522
            ],
            [
              -86.6908754,
              36.2737093
            ],
            [
              -86.6909062,
              36.2737701
            ],
            [
              -86.6909452,
              36.2738509
            ],
            [
              -86.6909955,
              36.2739548
            ],
            [
              -86.6910524,
              36.2740732
            ],
            [
              -86.6911146,
              36.2742032
            ],
            [
              -86.6911797,
              36.2743377
            ],
            [
              -86.6912443,
              36.2744722
            ],
            [
              -86.6913088,
              36.2746067
            ],
            [
              -86.6913738,
              36.274741
            ],
            [
              -86.6914385,
              36.2748747
            ],
            [
              -86.6915016,
              36.2750051
            ],
            [
              -86.6915647,
              36.2751359
            ],
            [
              -86.6916284,
              36.2752678
            ],
            [
              -86.6916926,
              36.2754008
            ],
            [
              -86.6917561,
              36.2755347
            ],
            [
              -86.6918207,
              36.2756683
            ],
            [
              -86.691886,
              36.2758022
            ],
            [
              -86.6919506,
              36.275936
            ],
            [
              -86.692015,
              36.2760706
            ],
            [
              -86.6920793,
              36.2762051
            ],
            [
              -86.6921445,
              36.27634
            ],
            [
              -86.6922083,
              36.2764747
            ],
            [
              -86.6922734,
              36.2766083
            ],
            [
              -86.6923377,
              36.2767421
            ],
            [
              -86.6924029,
              36.2768767
            ],
            [
              -86.6924668,
              36.277011
            ],
            [
              -86.6925309,
              36.2771453
            ],
            [
              -86.6925964,
              36.277279
            ],
            [
              -86.692661,
              36.2774129
            ],
            [
              -86.6927246,
              36.2775472
            ],
            [
              -86.6927901,
              36.2776808
            ],
            [
              -86.6928541,
              36.2778149
            ],
            [
              -86.6929183,
              36.2779482
            ],
            [
              -86.6929812,
              36.2780787
            ],
            [
              -86.6930398,
              36.2782046
            ],
            [
              -86.6930979,
              36.2783253
            ],
            [
              -86.6931593,
              36.2784486
            ],
            [
              -86.6932204,
              36.2785786
            ],
            [
              -86.693283,
              36.2787088
            ],
            [
              -86.6933457,
              36.2788368
            ],
            [
              -86.6934086,
              36.2789671
            ],
            [
              -86.6934719,
              36.2790993
            ],
            [
              -86.6935337,
              36.2792297
            ],
            [
              -86.6935967,
              36.2793591
            ],
            [
              -86.6936613,
              36.2794914
            ],
            [
              -86.6937242,
              36.2796254
            ],
            [
              -86.6937866,
              36.2797563
            ],
            [
              -86.6938493,
              36.2798835
            ],
            [
              -86.6939107,
              36.2800132
            ],
            [
              -86.6939751,
              36.2801454
            ],
            [
              -86.6940404,
              36.2802788
            ],
            [
              -86.6941048,
              36.2804127
            ],
            [
              -86.6941694,
              36.2805471
            ],
            [
              -86.6942337,
              36.2806812
            ],
            [
              -86.6942987,
              36.280816
            ],
            [
              -86.6943623,
              36.2809492
            ],
            [
              -86.6944268,
              36.2810813
            ],
            [
              -86.6944917,
              36.2812154
            ],
            [
              -86.6945568,
              36.281349
            ],
            [
              -86.6946215,
              36.2814838
            ],
            [
              -86.6946853,
              36.2816183
            ],
            [
              -86.6947502,
              36.2817515
            ],
            [
              -86.6948158,
              36.2818855
            ],
            [
              -86.6948795,
              36.2820202
            ],
            [
              -86.6949411,
              36.2821523
            ],
            [
              -86.695003,
              36.2822805
            ],
            [
              -86.6950673,
              36.2824112
            ],
            [
              -86.6951313,
              36.2825438
            ],
            [
              -86.6951957,
              36.2826781
            ],
            [
              -86.6952614,
              36.2828122
            ],
            [
              -86.6953264,
              36.282946
            ],
            [
              -86.6953906,
              36.2830797
            ],
            [
              -86.6954555,
              36.2832138
            ],
            [
              -86.6955194,
              36.2833478
            ],
            [
              -86.6955839,
              36.283482
            ],
            [
              -86.6956483,
              36.2836169
            ],
            [
              -86.6957134,
              36.2837511
            ],
            [
              -86.6957791,
              36.2838854
            ],
            [
              -86.6958432,
              36.2840201
            ],
            [
              -86.6959074,
              36.284154
            ],
            [
              -86.695973,
              36.2842881
            ],
            [
              -86.6960369,
              36.2844227
            ],
            [
              -86.6961019,
              36.2845576
            ],
            [
              -86.6961662,
              36.2846923
            ],
            [
              -86.696231,
              36.2848264
            ],
            [
              -86.6962952,
              36.2849598
            ],
            [
              -86.6963604,
              36.2850939
            ],
            [
              -86.6964239,
              36.2852278
            ],
            [
              -86.6964894,
              36.2853613
            ],
            [
              -86.6965536,
              36.2854947
            ],
            [
              -86.6966176,
              36.285628
            ],
            [
              -86.6966824,
              36.2857615
            ],
            [
              -86.6967471,
              36.2858954
            ],
            [
              -86.6968125,
              36.2860288
            ],
            [
              -86.6968759,
              36.286163
            ],
            [
              -86.696941,
              36.2862969
            ],
            [
              -86.6970053,
              36.2864307
            ],
            [
              -86.697069,
              36.2865641
            ],
            [
              -86.6971333,
              36.2866988
            ],
            [
              -86.6971977,
              36.2868338
            ],
            [
              -86.6972622,
              36.2869698
            ],
            [
              -86.6973256,
              36.2871029
            ],
            [
              -86.697384,
              36.2872196
            ],
            [
              -86.6974372,
              36.2873298
            ],
            [
              -86.6974893,
              36.2874352
            ],
            [
              -86.697537,
              36.2875372
            ],
            [
              -86.6975928,
              36.2876547
            ],
            [
              -86.6976474,
              36.2877667
            ],
            [
              -86.6977063,
              36.2878894
            ],
            [
              -86.6977704,
              36.2880217
            ],
            [
              -86.6978355,
              36.2881562
            ],
            [
              -86.6979005,
              36.2882907
            ],
            [
              -86.6979646,
              36.2884253
            ],
            [
              -86.6980295,
              36.2885593
            ],
            [
              -86.6980938,
              36.2886935
            ],
            [
              -86.6981583,
              36.2888268
            ],
            [
              -86.6982228,
              36.2889614
            ],
            [
              -86.698287,
              36.2890957
            ],
            [
              -86.6983513,
              36.2892301
            ],
            [
              -86.6984169,
              36.2893639
            ],
            [
              -86.6984805,
              36.2894978
            ],
            [
              -86.6985455,
              36.2896318
            ],
            [
              -86.6986107,
              36.2897659
            ],
            [
              -86.6986754,
              36.2899008
            ],
            [
              -86.6987402,
              36.2900347
            ],
            [
              -86.6988045,
              36.2901689
            ],
            [
              -86.6988683,
              36.2903037
            ],
            [
              -86.6989337,
              36.2904367
            ],
            [
              -86.6989983,
              36.2905711
            ],
            [
              -86.6990612,
              36.290705
            ],
            [
              -86.6991265,
              36.2908379
            ],
            [
              -86.6991913,
              36.2909705
            ],
            [
              -86.6992559,
              36.291104
            ],
            [
              -86.699319,
              36.2912362
            ],
            [
              -86.6993831,
              36.2913687
            ],
            [
              -86.6994459,
              36.2915003
            ],
            [
              -86.6995094,
              36.2916312
            ],
            [
              -86.6995727,
              36.2917632
            ],
            [
              -86.6996364,
              36.2918959
            ],
            [
              -86.699698,
              36.2920274
            ],
            [
              -86.6997607,
              36.292154
            ],
            [
              -86.699818,
              36.2922708
            ],
            [
              -86.6998635,
              36.2923638
            ],
            [
              -86.6998953,
              36.2924303
            ],
            [
              -86.6999127,
              36.2924713
            ],
            [
              -86.6999214,
              36.2924863
            ],
            [
              -86.6999212,
              36.2924873
            ],
            [
              -86.6999211,
              36.2924883
            ],
            [
              -86.6999134,
              36.2925055
            ],
            [
              -86.6998825,
              36.2925483
            ],
            [
              -86.6998392,
              36.292577
            ],
            [
              -86.6998314619048,
              36.2925827539682
            ],
            [
              -86.6998313,
              36.2925827
            ],
            [
              -86.6998314129568,
              36.2925827903654
            ],
            [
              -86.6998314619048,
              36.2925827539682
            ],
            [
              -86.6998316,
              36.2925828
            ],
            [
              -86.6998318,
              36.2925828
            ],
            [
              -86.6998318,
              36.292583
            ],
            [
              -86.6998314666667,
              36.2925828333333
            ],
            [
              -86.6998318,
              36.2925831
            ],
            [
              -86.699832,
              36.2925825
            ],
            [
              -86.6998321,
              36.2925829
            ],
            [
              -86.699832,
              36.2925829
            ],
            [
              -86.69983215,
              36.29258295
            ],
            [
              -86.6998324,
              36.2925827
            ],
            [
              -86.6998327,
              36.2925827
            ],
            [
              -86.6998325695652,
              36.2925825043478
            ],
            [
              -86.6998322,
              36.2925828
            ],
            [
              -86.6998323,
              36.2925826
            ],
            [
              -86.6998325,
              36.2925824
            ],
            [
              -86.6998325,
              36.2925824
            ],
            [
              -86.6998325695652,
              36.2925825043478
            ],
            [
              -86.6998327,
              36.2925824
            ],
            [
              -86.69983254,
              36.29258236
            ],
            [
              -86.6998325,
              36.2925824
            ],
            [
              -86.6998323,
              36.2925823
            ],
            [
              -86.69983254,
              36.29258236
            ],
            [
              -86.6998326,
              36.2925823
            ],
            [
              -86.6998328,
              36.2925821
            ],
            [
              -86.6998327,
              36.292582
            ],
            [
              -86.6998327,
              36.2925819
            ],
            [
              -86.6998336,
              36.2925823
            ],
            [
              -86.6998339,
              36.2925822
            ],
            [
              -86.6998348,
              36.2925823
            ],
            [
              -86.6998352,
              36.2925829
            ],
            [
              -86.6998347,
              36.2925833
            ],
            [
              -86.6998347,
              36.2925838
            ],
            [
              -86.6998342,
              36.2925847
            ],
            [
              -86.6998343,
              36.2925853
            ],
            [
              -86.6998339263158,
              36.2925864210526
            ],
            [
              -86.6998338,
              36.2925864
            ],
            [
              -86.6998333,
              36.2925863
            ],
            [
              -86.6998326,
              36.2925862
            ],
            [
              -86.699833,
              36.2925864
            ],
            [
              -86.6998331,
              36.2925867
            ],
            [
              -86.69983308,
              36.2925867
            ],
            [
              -86.6998323,
              36.2925864
            ],
            [
              -86.6998332,
              36.2925869
            ],
            [
              -86.6998333,
              36.2925873
            ],
            [
              -86.6998336,
              36.292588
            ],
            [
              -86.69983335,
              36.292588
            ],
            [
              -86.6998333,
              36.2925879
            ],
            [
              -86.6998329,
              36.292588
            ],
            [
              -86.69983335,
              36.292588
            ],
            [
              -86.6998335,
              36.2925883
            ],
            [
              -86.6998337,
              36.2925883
            ],
            [
              -86.6998338263158,
              36.2925871631579
            ],
            [
              -86.6998339,
              36.2925872
            ],
            [
              -86.69983383,
              36.29258713
            ],
            [
              -86.6998338263158,
              36.2925871631579
            ],
            [
              -86.6998329,
              36.2925867
            ],
            [
              -86.69983308,
              36.2925867
            ],
            [
              -86.6998336,
              36.2925869
            ],
            [
              -86.69983383,
              36.29258713
            ],
            [
              -86.6998339,
              36.2925865
            ],
            [
              -86.6998339263158,
              36.2925864210526
            ],
            [
              -86.6998344,
              36.2925865
            ],
            [
              -86.699834575,
              36.2925865
            ],
            [
              -86.6998347217391,
              36.2925866956522
            ],
            [
              -86.6998348,
              36.2925865
            ],
            [
              -86.6998346,
              36.2925865
            ],
            [
              -86.699834575,
              36.2925865
            ],
            [
              -86.6998345,
              36.2925864
            ],
            [
              -86.6998346,
              36.292585
            ],
            [
              -86.6998355,
              36.2925843
            ],
            [
              -86.699836,
              36.2925845
            ],
            [
              -86.6998365,
              36.2925846
            ],
            [
              -86.6998362,
              36.2925846
            ],
            [
              -86.6998377589862,
              36.2925853336406
            ],
            [
              -86.6998385,
              36.2925845
            ],
            [
              -86.6998396,
              36.2925838
            ],
            [
              -86.6998405,
              36.2925837
            ],
            [
              -86.6998407,
              36.2925832
            ],
            [
              -86.699841,
              36.2925822
            ],
            [
              -86.6998416,
              36.2925816
            ],
            [
              -86.6998425,
              36.2925816
            ],
            [
              -86.6998434,
              36.2925816
            ],
            [
              -86.6998444,
              36.2925817
            ],
            [
              -86.6998457,
              36.2925806
            ],
            [
              -86.6998471,
              36.2925801
            ],
            [
              -86.6998483,
              36.2925791
            ],
            [
              -86.6998498,
              36.2925791
            ],
            [
              -86.6998531,
              36.2925787
            ],
            [
              -86.6998739,
              36.2925737
            ],
            [
              -86.6999161,
              36.2925663
            ],
            [
              -86.7000313,
              36.2925481
            ],
            [
              -86.7001048,
              36.2925401
            ],
            [
              -86.7001415,
              36.2925409
            ],
            [
              -86.7001721,
              36.2925407
            ],
            [
              -86.7002078,
              36.2925401
            ],
            [
              -86.700281,
              36.2925374
            ],
            [
              -86.7003583,
              36.2925305
            ],
            [
              -86.7004145,
              36.2925194
            ],
            [
              -86.7004618,
              36.2925089
            ],
            [
              -86.7005021,
              36.2924997
            ],
            [
              -86.7005372,
              36.292492
            ],
            [
              -86.7005552,
              36.2924888
            ],
            [
              -86.7005676,
              36.2924819
            ],
            [
              -86.7006128,
              36.2924398
            ],
            [
              -86.7006226190233,
              36.2923740422986
            ],
            [
              -86.700633,
              36.2923927
            ],
            [
              -86.7006374,
              36.2923953
            ],
            [
              -86.7006398,
              36.292394
            ],
            [
              -86.700640039881,
              36.2923937232143
            ],
            [
              -86.70064,
              36.2923948
            ],
            [
              -86.7006406,
              36.2923947
            ],
            [
              -86.700639,
              36.2924106
            ],
            [
              -86.7006419,
              36.2924725
            ],
            [
              -86.7006351,
              36.2925367
            ],
            [
              -86.7005398,
              36.2925932
            ],
            [
              -86.7004218,
              36.2926541
            ],
            [
              -86.7003094,
              36.292714
            ],
            [
              -86.7002328,
              36.2927852
            ],
            [
              -86.700228,
              36.2928728
            ],
            [
              -86.7002420618795,
              36.2929083517952
            ],
            [
              -86.7002982,
              36.2928873
            ],
            [
              -86.7003652,
              36.2928615
            ],
            [
              -86.7004155,
              36.2928427
            ],
            [
              -86.700449,
              36.292828
            ],
            [
              -86.7004877,
              36.292813
            ],
            [
              -86.7005043701406,
              36.2928070018653
            ],
            [
              -86.7005001595238,
              36.2928131
            ],
            [
              -86.7005002,
              36.2928131
            ],
            [
              -86.7005003,
              36.2928131
            ],
            [
              -86.7005003962264,
              36.2928131641509
            ],
            [
              -86.700501,
              36.2928129
            ],
            [
              -86.7005026,
              36.2928123
            ],
            [
              -86.7005047,
              36.2928113
            ],
            [
              -86.7005068,
              36.2928103
            ],
            [
              -86.7005085,
              36.292809
            ],
            [
              -86.7005093,
              36.2928076
            ],
            [
              -86.7005099,
              36.2928071
            ],
            [
              -86.7005108,
              36.2928058
            ],
            [
              -86.7005109,
              36.2928053
            ],
            [
              -86.7005091,
              36.2928053
            ],
            [
              -86.7005043701406,
              36.2928070018653
            ],
            [
              -86.7005052,
              36.2928058
            ],
            [
              -86.7005363,
              36.2927527
            ],
            [
              -86.7005918,
              36.2927008
            ],
            [
              -86.7006933,
              36.2926913
            ],
            [
              -86.7008095,
              36.2926916
            ],
            [
              -86.700907,
              36.2926702
            ],
            [
              -86.7009784,
              36.2926338
            ],
            [
              -86.7010419,
              36.2925935
            ],
            [
              -86.7010703806752,
              36.292577898603
            ],
            [
              -86.7010043,
              36.2926196
            ],
            [
              -86.70093,
              36.2926655
            ],
            [
              -86.7008435,
              36.2927216
            ],
            [
              -86.7007477,
              36.2927828
            ],
            [
              -86.7006527,
              36.2928449
            ],
            [
              -86.7006203756041,
              36.2928662669735
            ],
            [
              -86.7006931,
              36.292856
            ],
            [
              -86.7007666,
              36.2928327
            ],
            [
              -86.7008197,
              36.2928109
            ],
            [
              -86.7008821,
              36.2927851
            ],
            [
              -86.7009715,
              36.2927556
            ],
            [
              -86.7010772,
              36.2927284
            ],
            [
              -86.7011683,
              36.2927204
            ],
            [
              -86.7012127,
              36.2927104
            ],
            [
              -86.7012493,
              36.2926834
            ],
            [
              -86.7013118,
              36.2926323
            ],
            [
              -86.7013953,
              36.2925745
            ],
            [
              -86.7015112,
              36.2925582
            ],
            [
              -86.7015883,
              36.2925137
            ],
            [
              -86.7016109,
              36.2924876
            ],
            [
              -86.701611,
              36.2924877
            ],
            [
              -86.7016112,
              36.2924882
            ],
            [
              -86.7016105,
              36.2924883
            ],
            [
              -86.7016105,
              36.2924886
            ],
            [
              -86.7016115,
              36.2924889
            ],
            [
              -86.7016126,
              36.2924893
            ],
            [
              -86.7016129,
              36.2924899
            ],
            [
              -86.7016144,
              36.2924899
            ],
            [
              -86.7016154,
              36.2924886
            ],
            [
              -86.7016148,
              36.2924879
            ],
            [
              -86.7016145,
              36.2924878
            ],
            [
              -86.7016145,
              36.2924873
            ],
            [
              -86.7016151,
              36.292487
            ],
            [
              -86.7016154,
              36.2924871
            ],
            [
              -86.7016166,
              36.2924894
            ],
            [
              -86.7016198,
              36.292497
            ],
            [
              -86.7016237,
              36.2925057
            ],
            [
              -86.7016338,
              36.2925169
            ],
            [
              -86.7016598,
              36.2925264
            ],
            [
              -86.7016891,
              36.2925269
            ],
            [
              -86.7016959,
              36.2925262
            ],
            [
              -86.701696,
              36.292526
            ],
            [
              -86.7016964,
              36.2925259
            ],
            [
              -86.7016964888889,
              36.2925257222222
            ],
            [
              -86.7016966,
              36.292526
            ],
            [
              -86.7016968,
              36.2925258
            ],
            [
              -86.7016965,
              36.2925257
            ],
            [
              -86.7016964888889,
              36.2925257222222
            ],
            [
              -86.7016964285714,
              36.2925255714286
            ],
            [
              -86.7016964,
              36.2925256
            ],
            [
              -86.70169635,
              36.29252565
            ],
            [
              -86.7016964,
              36.2925255
            ],
            [
              -86.7016964285714,
              36.2925255714286
            ],
            [
              -86.7016966,
              36.2925254
            ],
            [
              -86.7016963,
              36.2925251
            ],
            [
              -86.7016961285714,
              36.2925248714286
            ],
            [
              -86.7016962,
              36.2925249
            ],
            [
              -86.7016962,
              36.2925247833333
            ],
            [
              -86.7016963,
              36.2925248
            ],
            [
              -86.7016962,
              36.2925247666667
            ],
            [
              -86.7016962,
              36.2925247833333
            ],
            [
              -86.7016960428571,
              36.2925247571429
            ],
            [
              -86.7016961285714,
              36.2925248714286
            ],
            [
              -86.7016957,
              36.2925247
            ],
            [
              -86.7016960428571,
              36.2925247571429
            ],
            [
              -86.701696,
              36.2925247
            ],
            [
              -86.7016962,
              36.2925247666667
            ],
            [
              -86.7016962,
              36.2925246
            ],
            [
              -86.7016965,
              36.2925245
            ],
            [
              -86.7016966,
              36.2925238
            ],
            [
              -86.7016968,
              36.2925154
            ],
            [
              -86.7016967,
              36.292499
            ],
            [
              -86.701701,
              36.2924676
            ],
            [
              -86.7017079,
              36.2924044
            ],
            [
              -86.7017085,
              36.2923365
            ],
            [
              -86.7017087,
              36.2922919
            ],
            [
              -86.7017129,
              36.2922606
            ],
            [
              -86.7017137,
              36.2922185
            ],
            [
              -86.7017124,
              36.2921745
            ],
            [
              -86.7017119566913,
              36.2921569576424
            ],
            [
              -86.7016517,
              36.2921982
            ],
            [
              -86.7015624,
              36.2922602
            ],
            [
              -86.7014735,
              36.2923239
            ],
            [
              -86.7013816,
              36.2923857
            ],
            [
              -86.7013212927185,
              36.292422674866
            ],
            [
              -86.7013821,
              36.2923734
            ],
            [
              -86.7014291,
              36.2923219
            ],
            [
              -86.7014521,
              36.2922813
            ],
            [
              -86.701467,
              36.2922258
            ],
            [
              -86.7014895,
              36.2921559
            ],
            [
              -86.7015548,
              36.292102
            ],
            [
              -86.7016552,
              36.292058
            ],
            [
              -86.7017089,
              36.2920109
            ],
            [
              -86.7017151576066,
              36.292002880993
            ],
            [
              -86.701715,
              36.292004
            ],
            [
              -86.701713,
              36.2920158
            ],
            [
              -86.7017116,
              36.2920305
            ],
            [
              -86.7017101,
              36.2920497
            ],
            [
              -86.7017093,
              36.2920736
            ],
            [
              -86.7017108,
              36.2920941
            ],
            [
              -86.701712,
              36.2921131
            ],
            [
              -86.7017117,
              36.2921323
            ],
            [
              -86.7017117,
              36.2921468
            ],
            [
              -86.7017119566913,
              36.2921569576424
            ],
            [
              -86.7017417,
              36.2921366
            ],
            [
              -86.7018327,
              36.2920749
            ],
            [
              -86.7019239,
              36.292014
            ],
            [
              -86.702016,
              36.2919535
            ],
            [
              -86.7021071,
              36.2918895
            ],
            [
              -86.7021981,
              36.2918256
            ],
            [
              -86.7022909,
              36.2917636
            ],
            [
              -86.7023868,
              36.291705
            ],
            [
              -86.7024856,
              36.29165
            ],
            [
              -86.7025871,
              36.2915982
            ],
            [
              -86.7026877,
              36.2915294
            ],
            [
              -86.7027755,
              36.2914387
            ],
            [
              -86.702855,
              36.2913441
            ],
            [
              -86.7029112,
              36.2912715
            ],
            [
              -86.7029192,
              36.2912619
            ],
            [
              -86.7029205,
              36.291262
            ],
            [
              -86.7029218,
              36.291262
            ],
            [
              -86.7029234,
              36.2912622
            ],
            [
              -86.7029248,
              36.2912626
            ],
            [
              -86.7029266,
              36.2912631
            ],
            [
              -86.7029291,
              36.2912627
            ],
            [
              -86.7029319,
              36.2912619
            ],
            [
              -86.7029353,
              36.29126
            ],
            [
              -86.7029385,
              36.291259
            ],
            [
              -86.7029406,
              36.2912582
            ],
            [
              -86.7029448,
              36.2912571
            ],
            [
              -86.7029477,
              36.291254
            ],
            [
              -86.7029503,
              36.2912483
            ],
            [
              -86.7029539,
              36.2912388
            ],
            [
              -86.7029588,
              36.2912296
            ],
            [
              -86.7029661,
              36.2912168
            ],
            [
              -86.7029785,
              36.2911843
            ],
            [
              -86.7029822,
              36.2911724
            ],
            [
              -86.7029864,
              36.2911579
            ],
            [
              -86.7029989,
              36.2911097
            ],
            [
              -86.7030136,
              36.291046
            ],
            [
              -86.7030322,
              36.2909762
            ],
            [
              -86.703062,
              36.2909052
            ],
            [
              -86.7031189,
              36.2908306
            ],
            [
              -86.7032111,
              36.2907476
            ],
            [
              -86.7033048,
              36.2906801
            ],
            [
              -86.7033513,
              36.2906529
            ],
            [
              -86.7033511,
              36.2906536
            ],
            [
              -86.7033517,
              36.290654
            ],
            [
              -86.7033518222222,
              36.2906543666667
            ],
            [
              -86.7033521,
              36.2906542
            ],
            [
              -86.7033528555556,
              36.2906527644445
            ],
            [
              -86.7033527,
              36.2906532
            ],
            [
              -86.7033521542881,
              36.290654658368
            ],
            [
              -86.7033518947368,
              36.2906545842105
            ],
            [
              -86.7033519,
              36.2906546
            ],
            [
              -86.7033521525074,
              36.2906546631268
            ],
            [
              -86.7033521542881,
              36.290654658368
            ],
            [
              -86.7033523,
              36.2906547
            ],
            [
              -86.7033521525074,
              36.2906546631268
            ],
            [
              -86.7033411,
              36.2906842
            ],
            [
              -86.7033019,
              36.2907598
            ],
            [
              -86.7033005218236,
              36.2907621545717
            ],
            [
              -86.7033774,
              36.2906793
            ],
            [
              -86.7034402,
              36.2905829
            ],
            [
              -86.7034812,
              36.2904891
            ],
            [
              -86.7035325,
              36.2903975
            ],
            [
              -86.7035722,
              36.2903087
            ],
            [
              -86.7035761,
              36.2902169
            ],
            [
              -86.7035844,
              36.2901268
            ],
            [
              -86.7035971,
              36.2900368
            ],
            [
              -86.7035885,
              36.2899421
            ],
            [
              -86.7035457,
              36.2898383
            ],
            [
              -86.7035031,
              36.2897579
            ],
            [
              -86.7034868,
              36.2897338
            ],
            [
              -86.7034853,
              36.2897331
            ],
            [
              -86.7034842,
              36.2897321
            ],
            [
              -86.7034756,
              36.2897212
            ],
            [
              -86.7034495,
              36.2896884
            ],
            [
              -86.7034057,
              36.2896323
            ],
            [
              -86.7033438,
              36.2895535
            ],
            [
              -86.7032662,
              36.2894526
            ],
            [
              -86.70317,
              36.2893272
            ],
            [
              -86.7030563,
              36.2891826
            ],
            [
              -86.702938,
              36.2890302
            ],
            [
              -86.7028189,
              36.2888782
            ],
            [
              -86.7027006,
              36.2887261
            ],
            [
              -86.702583,
              36.2885747
            ],
            [
              -86.7024644,
              36.2884229
            ],
            [
              -86.7023462,
              36.2882706
            ],
            [
              -86.7022269,
              36.2881192
            ],
            [
              -86.7021086,
              36.2879675
            ],
            [
              -86.7019909,
              36.287816
            ],
            [
              -86.7018737,
              36.2876639
            ],
            [
              -86.701754,
              36.2875136
            ],
            [
              -86.7016359,
              36.2873615
            ],
            [
              -86.7015175,
              36.2872099
            ],
            [
              -86.7013983,
              36.2870587
            ],
            [
              -86.7012797,
              36.2869071
            ],
            [
              -86.7011621,
              36.2867547
            ],
            [
              -86.7010429,
              36.2866022
            ],
            [
              -86.7009238,
              36.2864495
            ],
            [
              -86.7008046,
              36.2862976
            ],
            [
              -86.7006872,
              36.2861448
            ],
            [
              -86.7005684,
              36.2859951
            ],
            [
              -86.7004556,
              36.2858514
            ],
            [
              -86.700347,
              36.2857123
            ],
            [
              -86.700238,
              36.2855726
            ],
            [
              -86.7001229,
              36.2854255
            ],
            [
              -86.7000054,
              36.2852743
            ],
            [
              -86.6998861,
              36.2851238
            ],
            [
              -86.6997702,
              36.2849729
            ],
            [
              -86.6996523,
              36.2848214
            ],
            [
              -86.6995338,
              36.2846703
            ],
            [
              -86.6994152,
              36.2845191
            ],
            [
              -86.6992974,
              36.284367
            ],
            [
              -86.6991787,
              36.2842148
            ],
            [
              -86.6990609,
              36.2840636
            ],
            [
              -86.6989429,
              36.2839114
            ],
            [
              -86.6988223,
              36.2837598
            ],
            [
              -86.6987041,
              36.2836081
            ],
            [
              -86.6985866,
              36.2834581
            ],
            [
              -86.6984687,
              36.283309
            ],
            [
              -86.6983523,
              36.2831595
            ],
            [
              -86.6982374,
              36.2830107
            ],
            [
              -86.6981197,
              36.282861
            ],
            [
              -86.6980015,
              36.2827093
            ],
            [
              -86.6978834,
              36.2825566
            ],
            [
              -86.6977643,
              36.2824037
            ],
            [
              -86.6976448,
              36.2822518
            ],
            [
              -86.6975266,
              36.2820992
            ],
            [
              -86.6974084,
              36.2819465
            ],
            [
              -86.6972887,
              36.2817934
            ],
            [
              -86.6971704,
              36.2816414
            ],
            [
              -86.6970571,
              36.2814984
            ],
            [
              -86.696947,
              36.2813583
            ],
            [
              -86.6968385,
              36.2812187
            ],
            [
              -86.6967226,
              36.2810696
            ],
            [
              -86.6966044,
              36.2809182
            ],
            [
              -86.696486,
              36.2807676
            ],
            [
              -86.6963671,
              36.2806166
            ],
            [
              -86.6962484,
              36.2804653
            ],
            [
              -86.6961293,
              36.2803131
            ],
            [
              -86.6960107,
              36.2801609
            ],
            [
              -86.6958919,
              36.2800086
            ],
            [
              -86.6957728,
              36.2798564
            ],
            [
              -86.6956551,
              36.2797039
            ],
            [
              -86.6955367,
              36.2795529
            ],
            [
              -86.6954211,
              36.2794051
            ],
            [
              -86.6953078,
              36.2792572
            ],
            [
              -86.6951916,
              36.2791075
            ],
            [
              -86.6950729,
              36.2789609
            ],
            [
              -86.6949614,
              36.2788157
            ],
            [
              -86.6948507,
              36.2786734
            ],
            [
              -86.6947382,
              36.2785296
            ],
            [
              -86.6946227,
              36.2783805
            ],
            [
              -86.6945054,
              36.2782306
            ],
            [
              -86.6943889,
              36.2780818
            ],
            [
              -86.6942715,
              36.2779329
            ],
            [
              -86.694155,
              36.277784
            ],
            [
              -86.6940397,
              36.2776349
            ],
            [
              -86.6939221,
              36.2774872
            ],
            [
              -86.693808,
              36.2773395
            ],
            [
              -86.6936907,
              36.2771888
            ],
            [
              -86.6935719,
              36.2770363
            ],
            [
              -86.6934524,
              36.2768837
            ],
            [
              -86.6933334,
              36.2767305
            ],
            [
              -86.6932139,
              36.2765776
            ],
            [
              -86.693094,
              36.2764259
            ],
            [
              -86.692977,
              36.2762738
            ],
            [
              -86.692859,
              36.2761235
            ],
            [
              -86.6927427,
              36.2759738
            ],
            [
              -86.692625,
              36.275823
            ],
            [
              -86.6925059,
              36.2756713
            ],
            [
              -86.6923879,
              36.2755195
            ],
            [
              -86.6922693,
              36.2753672
            ],
            [
              -86.6921508,
              36.2752142
            ],
            [
              -86.6920305,
              36.2750624
            ],
            [
              -86.6919112,
              36.27491
            ],
            [
              -86.6917921,
              36.2747575
            ],
            [
              -86.6916734,
              36.2746057
            ],
            [
              -86.6915558,
              36.2744539
            ],
            [
              -86.6914376,
              36.2743029
            ],
            [
              -86.6913189,
              36.2741521
            ],
            [
              -86.6912032,
              36.2740058
            ],
            [
              -86.6911033,
              36.2738795
            ],
            [
              -86.6910252,
              36.2737786
            ],
            [
              -86.6909484,
              36.2736804
            ],
            [
              -86.6908729,
              36.2735812
            ],
            [
              -86.6908188,
              36.2735141
            ],
            [
              -86.6907823,
              36.2734683
            ],
            [
              -86.6907582,
              36.2734372
            ],
            [
              -86.690747,
              36.2734196
            ],
            [
              -86.6907444,
              36.2734177
            ],
            [
              -86.6907443653846,
              36.2734175269231
            ],
            [
              -86.6907459,
              36.2734176
            ],
            [
              -86.6907448769231,
              36.2734165769231
            ],
            [
              -86.6907444125,
              36.273416975
            ],
            [
              -86.6907447,
              36.2734164
            ],
            [
              -86.6907448769231,
              36.2734165769231
            ],
            [
              -86.6907452,
              36.2734163
            ],
            [
              -86.6907451,
              36.2734157
            ],
            [
              -86.6907449,
              36.2734154
            ],
            [
              -86.6907448,
              36.2734153
            ],
            [
              -86.6907446,
              36.2734152
            ],
            [
              -86.6907443,
              36.2734151
            ],
            [
              -86.6907441,
              36.2734149
            ],
            [
              -86.6907439,
              36.2734149
            ],
            [
              -86.6907438,
              36.2734147
            ],
            [
              -86.6907439,
              36.2734145
            ],
            [
              -86.6907439,
              36.2734143
            ],
            [
              -86.690744,
              36.2734139
            ]
          ]
        ]
      },
      "properties": {
        "ObjectId": 9,
        "flight_id": "7d44855b-9d5c-4f4d-8dfd-daeedda8bf1d",
        "vehicle_serial": null,
        "dock_serial": null,
        "user_email": null,
        "takeoff": 1779828993566,
        "landing": 1779829779724,
        "external_id": "PD202600390744",
        "description": null,
        "flight_purpose": "HOLDUP / ROBBERY",
        "operation_id": null,
        "organization_id": "678dee26-6aa8-4d60-bf1c-30c7b0f6b517",
        "Shape__Length": 0.055796348302764316
      }
    },
    {
      "type": "Feature",
      "id": 10,
      "geometry": {
        "type": "MultiLineString",
        "coordinates": [
          [
            [
              -86.6907367130435,
              36.2734046304348
            ],
            [
              -86.6907364,
              36.2734051
            ],
            [
              -86.690737,
              36.2734053
            ],
            [
              -86.6907367130435,
              36.2734046304348
            ]
          ],
          [
            [
              -86.6907376,
              36.2734035
            ],
            [
              -86.6907376,
              36.2734034
            ]
          ],
          [
            [
              -86.6907445,
              36.2734043
            ],
            [
              -86.6907432,
              36.273404
            ],
            [
              -86.6907423,
              36.2734039
            ],
            [
              -86.6907417383292,
              36.2734037751843
            ],
            [
              -86.6907379,
              36.2734053
            ],
            [
              -86.6907374,
              36.2734051
            ],
            [
              -86.6907367225806,
              36.273404616129
            ],
            [
              -86.6907367130435,
              36.2734046304348
            ],
            [
              -86.6907367,
              36.2734046
            ],
            [
              -86.6907367225806,
              36.273404616129
            ],
            [
              -86.6907368,
              36.2734045
            ],
            [
              -86.6907375,
              36.2734035
            ],
            [
              -86.6907376,
              36.2734035
            ],
            [
              -86.6907377,
              36.2734036
            ],
            [
              -86.6907378,
              36.2734038
            ],
            [
              -86.6907379,
              36.273404
            ],
            [
              -86.6907382,
              36.2734039
            ],
            [
              -86.6907385,
              36.2734036
            ],
            [
              -86.6907392,
              36.2734034
            ],
            [
              -86.6907398,
              36.2734033
            ],
            [
              -86.6907405,
              36.2734035
            ],
            [
              -86.6907414,
              36.2734037
            ],
            [
              -86.6907417383292,
              36.2734037751843
            ],
            [
              -86.6907422656863,
              36.2734035656863
            ],
            [
              -86.6907423,
              36.2734036
            ],
            [
              -86.6907423,
              36.2734035520548
            ],
            [
              -86.6907422656863,
              36.2734035656863
            ],
            [
              -86.69074215,
              36.27340345
            ],
            [
              -86.6907421,
              36.2734035
            ],
            [
              -86.690742,
              36.2734033
            ],
            [
              -86.69074215,
              36.27340345
            ],
            [
              -86.6907422150943,
              36.2734033849057
            ],
            [
              -86.6907423,
              36.2734034343284
            ],
            [
              -86.6907423,
              36.2734033
            ],
            [
              -86.6907423947368,
              36.2734034894737
            ],
            [
              -86.6907423,
              36.2734034343284
            ],
            [
              -86.6907423,
              36.2734035
            ],
            [
              -86.6907423,
              36.2734035520548
            ],
            [
              -86.6907424202088,
              36.2734035043006
            ],
            [
              -86.6907431,
              36.2734039
            ],
            [
              -86.6907446618147,
              36.2734026137996
            ],
            [
              -86.6907424202088,
              36.2734035043006
            ],
            [
              -86.6907423969136,
              36.2734034907407
            ],
            [
              -86.6907424,
              36.2734035
            ],
            [
              -86.6907423947368,
              36.2734034894737
            ],
            [
              -86.6907423969136,
              36.2734034907407
            ],
            [
              -86.690742325,
              36.273403275
            ],
            [
              -86.6907423,
              36.2734033
            ],
            [
              -86.6907423,
              36.2734033
            ],
            [
              -86.6907422150943,
              36.2734033849057
            ],
            [
              -86.690742,
              36.2734032597015
            ],
            [
              -86.690742,
              36.2734033
            ],
            [
              -86.6907419,
              36.2734033
            ],
            [
              -86.6907415,
              36.2734031
            ],
            [
              -86.690741,
              36.2734027
            ],
            [
              -86.6907409464286,
              36.2734026464286
            ],
            [
              -86.690742,
              36.2734032597015
            ],
            [
              -86.690742,
              36.2734032
            ],
            [
              -86.6907423,
              36.2734033
            ],
            [
              -86.690742325,
              36.273403275
            ],
            [
              -86.690742325,
              36.273403275
            ],
            [
              -86.6907424,
              36.2734032
            ],
            [
              -86.690742325,
              36.273403275
            ],
            [
              -86.6907423,
              36.2734032
            ],
            [
              -86.6907421,
              36.2734026
            ]
          ],
          [
            [
              -86.6907449482758,
              36.2734025
            ],
            [
              -86.6907448,
              36.2734025
            ],
            [
              -86.6907446618147,
              36.2734026137996
            ],
            [
              -86.6907449482758,
              36.2734025
            ]
          ],
          [
            [
              -86.6907371,
              36.2733996
            ],
            [
              -86.6907364,
              36.2734
            ],
            [
              -86.6907409464286,
              36.2734026464286
            ],
            [
              -86.6907406,
              36.2734023
            ],
            [
              -86.6907402,
              36.273402
            ],
            [
              -86.69074,
              36.2734018
            ],
            [
              -86.6907405,
              36.2734016
            ],
            [
              -86.6907407,
              36.2734006
            ],
            [
              -86.690741,
              36.2734005
            ],
            [
              -86.6907404,
              36.2733999
            ],
            [
              -86.6907405,
              36.2734
            ],
            [
              -86.6907398,
              36.2734003
            ],
            [
              -86.6907387,
              36.2733998
            ],
            [
              -86.6907376,
              36.2734
            ],
            [
              -86.690737,
              36.2733998
            ],
            [
              -86.6907371,
              36.2733996
            ]
          ],
          [
            [
              -86.6952154614578,
              36.2713597910328
            ],
            [
              -86.695185,
              36.2713736
            ],
            [
              -86.6950049,
              36.2714547
            ],
            [
              -86.6948262,
              36.2715355
            ],
            [
              -86.6946489,
              36.271616
            ],
            [
              -86.6944721,
              36.2716972
            ],
            [
              -86.6942962,
              36.2717776
            ],
            [
              -86.6941231,
              36.2718575
            ],
            [
              -86.6939507,
              36.2719363
            ],
            [
              -86.693777,
              36.2720153
            ],
            [
              -86.6936008,
              36.2720961
            ],
            [
              -86.6934221,
              36.272177
            ],
            [
              -86.6932421,
              36.2722584
            ],
            [
              -86.6930617,
              36.27234
            ],
            [
              -86.6928826,
              36.2724224
            ],
            [
              -86.6927067,
              36.2725028
            ],
            [
              -86.6925362,
              36.2725801
            ],
            [
              -86.6923685,
              36.2726577
            ],
            [
              -86.692197,
              36.272737
            ],
            [
              -86.6920263,
              36.2728139
            ],
            [
              -86.6918579,
              36.2728915
            ],
            [
              -86.6916893,
              36.2729676
            ],
            [
              -86.6915252,
              36.2730397
            ],
            [
              -86.6913755,
              36.2731109
            ],
            [
              -86.691243,
              36.2731737
            ],
            [
              -86.6911372,
              36.2732189
            ],
            [
              -86.6910458,
              36.2732594
            ],
            [
              -86.6909517,
              36.2733045
            ],
            [
              -86.6908693,
              36.2733416
            ],
            [
              -86.6908111,
              36.2733707
            ],
            [
              -86.6907695,
              36.2733911
            ],
            [
              -86.6907452,
              36.2734024
            ],
            [
              -86.6907449482758,
              36.2734025
            ],
            [
              -86.6907457,
              36.2734025
            ],
            [
              -86.6907558,
              36.2733992
            ],
            [
              -86.69079,
              36.2733833
            ],
            [
              -86.6908368,
              36.2733627
            ],
            [
              -86.6908874,
              36.2733393
            ],
            [
              -86.6909387,
              36.2733159
            ],
            [
              -86.6909968,
              36.2732908
            ],
            [
              -86.691063,
              36.2732592
            ],
            [
              -86.6911626,
              36.2732136
            ],
            [
              -86.6912894,
              36.2731559
            ],
            [
              -86.6914295,
              36.2730923
            ],
            [
              -86.6915835,
              36.2730219
            ],
            [
              -86.6917388,
              36.2729509
            ],
            [
              -86.6918937,
              36.2728797
            ],
            [
              -86.6920487,
              36.2728084
            ],
            [
              -86.6922036,
              36.2727372
            ],
            [
              -86.6923583,
              36.2726664
            ],
            [
              -86.6925128,
              36.2725955
            ],
            [
              -86.6926676,
              36.2725247
            ],
            [
              -86.6928222,
              36.272454
            ],
            [
              -86.6929769,
              36.2723833
            ],
            [
              -86.6931319,
              36.2723127
            ],
            [
              -86.6932873,
              36.2722417
            ],
            [
              -86.6934415,
              36.2721712
            ],
            [
              -86.6935964,
              36.272101
            ],
            [
              -86.6937502,
              36.2720304
            ],
            [
              -86.6939032,
              36.2719603
            ],
            [
              -86.6940573,
              36.2718893
            ],
            [
              -86.6942119,
              36.271818
            ],
            [
              -86.6943679,
              36.2717468
            ],
            [
              -86.6945229,
              36.271676
            ],
            [
              -86.6946778,
              36.2716053
            ],
            [
              -86.6948328,
              36.2715348
            ],
            [
              -86.6949876,
              36.2714645
            ],
            [
              -86.695142,
              36.2713937
            ],
            [
              -86.6952154614578,
              36.2713597910328
            ]
          ],
          [
            [
              -86.7110086,
              36.2641431
            ],
            [
              -86.7110085,
              36.2641431
            ],
            [
              -86.7110088,
              36.2641433
            ],
            [
              -86.7110086,
              36.2641431
            ]
          ],
          [
            [
              -86.7110084142857,
              36.2641428857143
            ],
            [
              -86.7110085,
              36.264143
            ],
            [
              -86.7110086,
              36.2641431
            ],
            [
              -86.7110087,
              36.2641431
            ],
            [
              -86.7110085,
              36.2641429
            ],
            [
              -86.7110084142857,
              36.2641428857143
            ]
          ],
          [
            [
              -86.7110080896552,
              36.264142762069
            ],
            [
              -86.7110079,
              36.2641428
            ],
            [
              -86.7110080783784,
              36.2641428297297
            ],
            [
              -86.7110080896552,
              36.264142762069
            ]
          ],
          [
            [
              -86.7110146,
              36.2641382
            ],
            [
              -86.7110145,
              36.26413825
            ],
            [
              -86.7110144,
              36.2641382
            ],
            [
              -86.71101448,
              36.26413826
            ],
            [
              -86.7110145,
              36.26413825
            ],
            [
              -86.7110146,
              36.2641383
            ],
            [
              -86.7110146,
              36.2641382
            ]
          ],
          [
            [
              -86.7110146,
              36.26413815
            ],
            [
              -86.7110146,
              36.2641382
            ],
            [
              -86.7110146285714,
              36.2641381928571
            ],
            [
              -86.7110147,
              36.2641383
            ],
            [
              -86.7110147714286,
              36.2641381571429
            ],
            [
              -86.7110146285714,
              36.2641381928571
            ],
            [
              -86.7110146,
              36.26413815
            ]
          ],
          [
            [
              -86.71101412,
              36.26413802
            ],
            [
              -86.711014,
              36.2641382
            ],
            [
              -86.7110144,
              36.2641383
            ],
            [
              -86.71101412,
              36.26413802
            ]
          ],
          [
            [
              -86.7110141333333,
              36.264138
            ],
            [
              -86.7110141,
              36.264138
            ],
            [
              -86.71101412,
              36.26413802
            ],
            [
              -86.7110141333333,
              36.264138
            ]
          ],
          [
            [
              -86.7110145,
              36.264138
            ],
            [
              -86.7110146,
              36.26413815
            ],
            [
              -86.7110146,
              36.2641381
            ],
            [
              -86.7110145,
              36.264138
            ]
          ],
          [
            [
              -86.7110148941176,
              36.2641379117647
            ],
            [
              -86.71101485,
              36.264138
            ],
            [
              -86.711015,
              36.264138
            ],
            [
              -86.7110148941176,
              36.2641379117647
            ]
          ],
          [
            [
              -86.7110143,
              36.2641379
            ],
            [
              -86.7110142,
              36.2641379
            ],
            [
              -86.7110141333333,
              36.264138
            ],
            [
              -86.7110145,
              36.264138
            ],
            [
              -86.7110143,
              36.2641379
            ]
          ],
          [
            [
              -86.7110142,
              36.2641377
            ],
            [
              -86.7110143,
              36.2641379
            ],
            [
              -86.7110144,
              36.2641379
            ],
            [
              -86.7110145,
              36.264138
            ],
            [
              -86.71101485,
              36.264138
            ],
            [
              -86.7110147714286,
              36.2641381571429
            ],
            [
              -86.711015,
              36.2641381
            ],
            [
              -86.7110152,
              36.2641383
            ],
            [
              -86.7110153,
              36.2641383
            ],
            [
              -86.7110151,
              36.2641385
            ],
            [
              -86.7110147,
              36.2641387
            ],
            [
              -86.7110148,
              36.2641385
            ],
            [
              -86.71101448,
              36.26413826
            ],
            [
              -86.7110142,
              36.2641384
            ],
            [
              -86.7110137,
              36.264139
            ],
            [
              -86.711013,
              36.2641398
            ],
            [
              -86.7110125,
              36.2641402
            ],
            [
              -86.7110119,
              36.2641405
            ],
            [
              -86.7110116,
              36.2641409
            ],
            [
              -86.7110113,
              36.2641411
            ],
            [
              -86.7110113,
              36.2641408
            ],
            [
              -86.7110113,
              36.2641403
            ],
            [
              -86.7110119,
              36.26414
            ],
            [
              -86.7110114,
              36.2641397
            ],
            [
              -86.7110114,
              36.264139
            ],
            [
              -86.711011,
              36.2641392
            ],
            [
              -86.7110107,
              36.2641393
            ],
            [
              -86.7110099,
              36.2641389
            ],
            [
              -86.7110105,
              36.2641394
            ],
            [
              -86.7110107,
              36.2641404
            ],
            [
              -86.7110105,
              36.2641409
            ],
            [
              -86.71101,
              36.2641416
            ],
            [
              -86.7110098,
              36.264142
            ],
            [
              -86.7110095,
              36.2641422
            ],
            [
              -86.7110092,
              36.2641425
            ],
            [
              -86.7110088,
              36.2641426
            ],
            [
              -86.7110083,
              36.2641427
            ],
            [
              -86.7110084,
              36.2641427
            ],
            [
              -86.7110082913043,
              36.2641427217391
            ],
            [
              -86.7110082,
              36.2641426
            ],
            [
              -86.7110081,
              36.2641423
            ],
            [
              -86.711008,
              36.2641426
            ],
            [
              -86.7110081,
              36.2641427
            ],
            [
              -86.7110080896552,
              36.264142762069
            ],
            [
              -86.7110082913043,
              36.2641427217391
            ],
            [
              -86.7110084142857,
              36.2641428857143
            ],
            [
              -86.7110080783784,
              36.2641428297297
            ],
            [
              -86.711008,
              36.2641433
            ],
            [
              -86.7110074,
              36.2641439
            ],
            [
              -86.7110064,
              36.2641441
            ],
            [
              -86.7110063,
              36.2641441
            ],
            [
              -86.7110059,
              36.2641439
            ],
            [
              -86.7110053,
              36.2641439
            ],
            [
              -86.7110047,
              36.264144
            ],
            [
              -86.7110042,
              36.2641442
            ],
            [
              -86.7110035,
              36.2641443
            ],
            [
              -86.7110027,
              36.2641437
            ],
            [
              -86.711002,
              36.2641436
            ],
            [
              -86.7110016,
              36.2641435
            ],
            [
              -86.711001,
              36.2641435
            ],
            [
              -86.7110005,
              36.2641438
            ],
            [
              -86.7109994,
              36.2641441
            ],
            [
              -86.7109987,
              36.2641446
            ],
            [
              -86.710999,
              36.264145
            ],
            [
              -86.7109989,
              36.2641457
            ],
            [
              -86.7109986,
              36.2641468
            ],
            [
              -86.7109982,
              36.2641473
            ],
            [
              -86.7109975,
              36.2641477
            ],
            [
              -86.7109977,
              36.2641484
            ],
            [
              -86.7109974,
              36.2641484
            ],
            [
              -86.7109966,
              36.2641487
            ],
            [
              -86.7109959,
              36.2641489
            ],
            [
              -86.7109956,
              36.2641487
            ],
            [
              -86.7109951,
              36.2641489
            ],
            [
              -86.7109937,
              36.2641493
            ],
            [
              -86.7109918,
              36.2641491
            ],
            [
              -86.7109912,
              36.2641488
            ],
            [
              -86.7109903,
              36.2641488
            ],
            [
              -86.710971,
              36.264158
            ],
            [
              -86.7109239,
              36.2641799
            ],
            [
              -86.710849,
              36.2642115
            ],
            [
              -86.7107753,
              36.2642448
            ],
            [
              -86.7107149,
              36.2642753
            ],
            [
              -86.7106589,
              36.2643017
            ],
            [
              -86.7105716,
              36.2643405
            ],
            [
              -86.7104508,
              36.2643955
            ],
            [
              -86.7103019,
              36.2644638
            ],
            [
              -86.710146,
              36.2645351
            ],
            [
              -86.7099901,
              36.2646064
            ],
            [
              -86.709835,
              36.2646768
            ],
            [
              -86.7096807,
              36.2647475
            ],
            [
              -86.7095266,
              36.2648178
            ],
            [
              -86.7093719,
              36.2648883
            ],
            [
              -86.7092179,
              36.264959
            ],
            [
              -86.7090636,
              36.2650299
            ],
            [
              -86.7089094,
              36.2651004
            ],
            [
              -86.7087557,
              36.2651708
            ],
            [
              -86.7086013,
              36.2652415
            ],
            [
              -86.7084466,
              36.2653125
            ],
            [
              -86.7082913,
              36.2653831
            ],
            [
              -86.7081359,
              36.2654535
            ],
            [
              -86.7079806,
              36.2655246
            ],
            [
              -86.7078257,
              36.2655954
            ],
            [
              -86.7076715,
              36.2656664
            ],
            [
              -86.7075166,
              36.265737
            ],
            [
              -86.7073625,
              36.2658083
            ],
            [
              -86.7072073,
              36.2658788
            ],
            [
              -86.7070523,
              36.2659491
            ],
            [
              -86.7068984,
              36.2660199
            ],
            [
              -86.7067442,
              36.2660906
            ],
            [
              -86.7065896,
              36.2661613
            ],
            [
              -86.7064351,
              36.2662322
            ],
            [
              -86.7062805,
              36.2663025
            ],
            [
              -86.7061261,
              36.2663735
            ],
            [
              -86.7059712,
              36.2664442
            ],
            [
              -86.7058172,
              36.2665149
            ],
            [
              -86.7056624,
              36.266585
            ],
            [
              -86.7055079,
              36.2666556
            ],
            [
              -86.7053526,
              36.2667262
            ],
            [
              -86.7051973,
              36.2667972
            ],
            [
              -86.705042,
              36.2668683
            ],
            [
              -86.7048866,
              36.2669391
            ],
            [
              -86.7047315,
              36.2670096
            ],
            [
              -86.7045764,
              36.2670806
            ],
            [
              -86.7044217,
              36.2671515
            ],
            [
              -86.7042674,
              36.2672229
            ],
            [
              -86.7041118,
              36.2672933
            ],
            [
              -86.7039569,
              36.267364
            ],
            [
              -86.7038023,
              36.2674345
            ],
            [
              -86.7036474,
              36.2675051
            ],
            [
              -86.7034928,
              36.2675759
            ],
            [
              -86.7033383,
              36.267647
            ],
            [
              -86.7031834,
              36.267718
            ],
            [
              -86.7030288,
              36.267789
            ],
            [
              -86.702874,
              36.2678599
            ],
            [
              -86.7027188,
              36.2679305
            ],
            [
              -86.7025638,
              36.2680012
            ],
            [
              -86.7024085,
              36.2680719
            ],
            [
              -86.7022537,
              36.2681424
            ],
            [
              -86.7020989,
              36.268213
            ],
            [
              -86.7019441,
              36.2682837
            ],
            [
              -86.7017902,
              36.2683544
            ],
            [
              -86.7016358,
              36.2684247
            ],
            [
              -86.7014807,
              36.2684954
            ],
            [
              -86.7013267,
              36.2685663
            ],
            [
              -86.7011717,
              36.2686371
            ],
            [
              -86.7010168,
              36.268708
            ],
            [
              -86.7008615,
              36.2687786
            ],
            [
              -86.7007059,
              36.2688493
            ],
            [
              -86.7005502,
              36.2689204
            ],
            [
              -86.7003945,
              36.2689909
            ],
            [
              -86.7002401,
              36.269062
            ],
            [
              -86.700085,
              36.2691329
            ],
            [
              -86.6999308,
              36.269204
            ],
            [
              -86.6997756,
              36.2692748
            ],
            [
              -86.6996206,
              36.2693459
            ],
            [
              -86.6994655,
              36.2694171
            ],
            [
              -86.6993103,
              36.2694877
            ],
            [
              -86.6991554,
              36.2695591
            ],
            [
              -86.6990002,
              36.2696302
            ],
            [
              -86.698845,
              36.2697013
            ],
            [
              -86.6986904,
              36.2697721
            ],
            [
              -86.6985357,
              36.2698431
            ],
            [
              -86.6983805,
              36.2699136
            ],
            [
              -86.6982257,
              36.2699846
            ],
            [
              -86.6980713,
              36.2700556
            ],
            [
              -86.6979164,
              36.2701259
            ],
            [
              -86.6977614,
              36.2701971
            ],
            [
              -86.6976063,
              36.2702679
            ],
            [
              -86.6974518,
              36.270338
            ],
            [
              -86.6972977,
              36.2704084
            ],
            [
              -86.697146,
              36.2704777
            ],
            [
              -86.6969936,
              36.2705473
            ],
            [
              -86.6968408,
              36.2706168
            ],
            [
              -86.6966864,
              36.2706875
            ],
            [
              -86.6965326,
              36.2707579
            ],
            [
              -86.6963778,
              36.2708286
            ],
            [
              -86.6962236,
              36.2708995
            ],
            [
              -86.6960695,
              36.2709699
            ],
            [
              -86.6959151,
              36.2710412
            ],
            [
              -86.6957609,
              36.2711113
            ],
            [
              -86.6956063,
              36.271182
            ],
            [
              -86.6954513,
              36.2712525
            ],
            [
              -86.6952956,
              36.2713228
            ],
            [
              -86.6952154614578,
              36.2713597910328
            ],
            [
              -86.6953639,
              36.2712925
            ],
            [
              -86.6955409,
              36.2712119
            ],
            [
              -86.6957171,
              36.2711317
            ],
            [
              -86.6958906,
              36.2710525
            ],
            [
              -86.6960646,
              36.2709739
            ],
            [
              -86.6962358,
              36.2708948
            ],
            [
              -86.6964087,
              36.2708154
            ],
            [
              -86.6965849,
              36.270735
            ],
            [
              -86.6967624,
              36.2706536
            ],
            [
              -86.6969405,
              36.2705721
            ],
            [
              -86.6971201,
              36.2704911
            ],
            [
              -86.6973012,
              36.2704095
            ],
            [
              -86.6974816,
              36.2703269
            ],
            [
              -86.6976589,
              36.2702455
            ],
            [
              -86.6978371,
              36.2701649
            ],
            [
              -86.6980183,
              36.270082
            ],
            [
              -86.6981994,
              36.2699996
            ],
            [
              -86.6983769,
              36.2699193
            ],
            [
              -86.6985483,
              36.2698403
            ],
            [
              -86.6987198,
              36.2697606
            ],
            [
              -86.6988917,
              36.2696832
            ],
            [
              -86.6990607,
              36.2696061
            ],
            [
              -86.6992269,
              36.2695299
            ],
            [
              -86.6993928,
              36.2694535
            ],
            [
              -86.6995617,
              36.269378
            ],
            [
              -86.6997322,
              36.2693006
            ],
            [
              -86.6999011,
              36.2692233
            ],
            [
              -86.7000715,
              36.2691438
            ],
            [
              -86.700243,
              36.2690648
            ],
            [
              -86.7004136,
              36.2689881
            ],
            [
              -86.7005834,
              36.2689112
            ],
            [
              -86.7007537,
              36.2688335
            ],
            [
              -86.7009242,
              36.2687563
            ],
            [
              -86.7010928,
              36.2686795
            ],
            [
              -86.7012597,
              36.268605
            ],
            [
              -86.7014242,
              36.2685289
            ],
            [
              -86.7015914,
              36.2684519
            ],
            [
              -86.7017599,
              36.2683743
            ],
            [
              -86.7019272,
              36.2682964
            ],
            [
              -86.7020998,
              36.2682195
            ],
            [
              -86.7022703,
              36.2681412
            ],
            [
              -86.7024386,
              36.2680644
            ],
            [
              -86.7026067,
              36.2679879
            ],
            [
              -86.7027736,
              36.2679113
            ],
            [
              -86.7029412,
              36.2678349
            ],
            [
              -86.7031088,
              36.2677582
            ],
            [
              -86.7032767,
              36.2676817
            ],
            [
              -86.7034446,
              36.267605
            ],
            [
              -86.7036141,
              36.2675281
            ],
            [
              -86.7037835,
              36.2674504
            ],
            [
              -86.7039542,
              36.2673728
            ],
            [
              -86.7041257,
              36.2672942
            ],
            [
              -86.7042979,
              36.2672151
            ],
            [
              -86.7044722,
              36.2671361
            ],
            [
              -86.7046477,
              36.2670563
            ],
            [
              -86.704824,
              36.2669761
            ],
            [
              -86.7049998,
              36.2668955
            ],
            [
              -86.7051769,
              36.2668151
            ],
            [
              -86.7053557,
              36.2667358
            ],
            [
              -86.7055323,
              36.2666549
            ],
            [
              -86.7057086,
              36.2665744
            ],
            [
              -86.7058857,
              36.2664929
            ],
            [
              -86.7060634,
              36.2664111
            ],
            [
              -86.7062358,
              36.2663311
            ],
            [
              -86.7064064,
              36.2662534
            ],
            [
              -86.7065749,
              36.2661762
            ],
            [
              -86.7067418,
              36.2661004
            ],
            [
              -86.7069058,
              36.266026
            ],
            [
              -86.7070683,
              36.2659536
            ],
            [
              -86.7072321,
              36.2658796
            ],
            [
              -86.7073981,
              36.2658034
            ],
            [
              -86.7075622,
              36.2657281
            ],
            [
              -86.7077263,
              36.2656532
            ],
            [
              -86.7078927,
              36.2655764
            ],
            [
              -86.7080624,
              36.2654986
            ],
            [
              -86.7082282,
              36.2654238
            ],
            [
              -86.7083842,
              36.2653528
            ],
            [
              -86.7085378,
              36.2652839
            ],
            [
              -86.7086916,
              36.2652143
            ],
            [
              -86.7088435,
              36.2651449
            ],
            [
              -86.7089968,
              36.2650757
            ],
            [
              -86.7091521,
              36.2650051
            ],
            [
              -86.70931,
              36.2649323
            ],
            [
              -86.7094691,
              36.2648579
            ],
            [
              -86.7096285,
              36.2647841
            ],
            [
              -86.7097896,
              36.2647111
            ],
            [
              -86.7099508,
              36.2646359
            ],
            [
              -86.7101151,
              36.2645625
            ],
            [
              -86.7102774,
              36.2644862
            ],
            [
              -86.7104431,
              36.2644121
            ],
            [
              -86.7106053,
              36.2643402
            ],
            [
              -86.7107488,
              36.2642738
            ],
            [
              -86.7108663,
              36.2642199
            ],
            [
              -86.7109508,
              36.2641814
            ],
            [
              -86.7110086,
              36.2641557
            ],
            [
              -86.7110342134633,
              36.26414384039
            ],
            [
              -86.7110343,
              36.2641441
            ],
            [
              -86.7110349,
              36.2641441
            ],
            [
              -86.711035,
              36.2641438
            ],
            [
              -86.7110356,
              36.2641433
            ],
            [
              -86.7110355305495,
              36.2641432305495
            ],
            [
              -86.7110342134633,
              36.26414384039
            ],
            [
              -86.7110342,
              36.2641438
            ],
            [
              -86.7110322,
              36.264143
            ],
            [
              -86.7110306,
              36.2641425
            ],
            [
              -86.7110292,
              36.2641416
            ],
            [
              -86.711028,
              36.2641412
            ],
            [
              -86.7110272,
              36.2641406
            ],
            [
              -86.7110263,
              36.2641403
            ],
            [
              -86.7110253,
              36.2641401
            ],
            [
              -86.7110249,
              36.26414
            ],
            [
              -86.7110241,
              36.2641398
            ],
            [
              -86.7110233,
              36.2641397
            ],
            [
              -86.7110225,
              36.2641394
            ],
            [
              -86.7110213,
              36.2641391
            ],
            [
              -86.7110201,
              36.2641388
            ],
            [
              -86.711019,
              36.2641385
            ],
            [
              -86.7110178,
              36.2641384
            ],
            [
              -86.7110171,
              36.2641383
            ],
            [
              -86.7110164,
              36.2641381
            ],
            [
              -86.7110156,
              36.2641379
            ],
            [
              -86.71101504,
              36.2641378066667
            ],
            [
              -86.7110149,
              36.2641379
            ],
            [
              -86.7110148941176,
              36.2641379117647
            ],
            [
              -86.7110147219512,
              36.2641377682927
            ],
            [
              -86.7110145,
              36.2641378
            ],
            [
              -86.7110148,
              36.2641379
            ],
            [
              -86.7110144,
              36.2641379
            ],
            [
              -86.7110143,
              36.2641378
            ],
            [
              -86.7110142,
              36.2641377
            ]
          ],
          [
            [
              -86.71101365,
              36.2641376
            ],
            [
              -86.7110135,
              36.2641376
            ],
            [
              -86.7110135,
              36.2641377
            ],
            [
              -86.71101365,
              36.2641376
            ]
          ],
          [
            [
              -86.7110455,
              36.2641372
            ],
            [
              -86.7110442,
              36.2641373
            ],
            [
              -86.7110428,
              36.2641374
            ],
            [
              -86.7110415,
              36.2641372
            ],
            [
              -86.7110414,
              36.2641377
            ],
            [
              -86.7110409,
              36.2641382
            ],
            [
              -86.7110398,
              36.2641389
            ],
            [
              -86.7110396,
              36.2641392
            ],
            [
              -86.7110393,
              36.2641402
            ],
            [
              -86.711038,
              36.2641406
            ],
            [
              -86.7110364,
              36.2641404
            ],
            [
              -86.7110362,
              36.2641404
            ],
            [
              -86.7110358,
              36.2641399
            ],
            [
              -86.7110349,
              36.2641401
            ],
            [
              -86.7110351,
              36.2641401
            ],
            [
              -86.7110358,
              36.2641404
            ],
            [
              -86.7110362,
              36.2641404
            ],
            [
              -86.7110366,
              36.2641409
            ],
            [
              -86.7110359,
              36.2641422
            ],
            [
              -86.7110349,
              36.2641426
            ],
            [
              -86.7110355305495,
              36.2641432305495
            ],
            [
              -86.7110397,
              36.2641413
            ],
            [
              -86.7110473,
              36.264139
            ],
            [
              -86.7110477,
              36.2641384
            ],
            [
              -86.7110476767241,
              36.2641382137931
            ],
            [
              -86.711048,
              36.2641383
            ],
            [
              -86.7110476,
              36.2641376
            ],
            [
              -86.7110476767241,
              36.2641382137931
            ],
            [
              -86.7110465,
              36.2641379
            ],
            [
              -86.7110463,
              36.2641378
            ],
            [
              -86.7110455,
              36.2641372
            ]
          ],
          [
            [
              -86.7110144,
              36.2641371
            ],
            [
              -86.7110143,
              36.2641373
            ],
            [
              -86.7110141529412,
              36.2641373882353
            ],
            [
              -86.7110141,
              36.2641373
            ],
            [
              -86.711014,
              36.2641372
            ],
            [
              -86.7110139,
              36.2641375
            ],
            [
              -86.7110138,
              36.2641375
            ],
            [
              -86.71101365,
              36.2641376
            ],
            [
              -86.7110138,
              36.2641376
            ],
            [
              -86.7110141529412,
              36.2641373882353
            ],
            [
              -86.7110144,
              36.2641378
            ],
            [
              -86.7110146,
              36.2641376666667
            ],
            [
              -86.7110147219512,
              36.2641377682927
            ],
            [
              -86.71101485,
              36.26413775
            ],
            [
              -86.711015,
              36.2641378
            ],
            [
              -86.71101504,
              36.2641378066667
            ],
            [
              -86.7110152,
              36.2641377
            ],
            [
              -86.71101485,
              36.26413775
            ],
            [
              -86.7110147,
              36.2641377
            ],
            [
              -86.7110147,
              36.2641376
            ],
            [
              -86.7110146,
              36.2641376666667
            ],
            [
              -86.7110144,
              36.2641375
            ],
            [
              -86.7110144,
              36.2641371
            ]
          ]
        ]
      },
      "properties": {
        "ObjectId": 10,
        "flight_id": "3f2a3e15-aaa6-4c17-8544-3b4d0a7ac68d",
        "vehicle_serial": null,
        "dock_serial": null,
        "user_email": null,
        "takeoff": 1779832547106,
        "landing": 1779833003628,
        "external_id": "PD202600390721",
        "description": null,
        "flight_purpose": "VEHICLE ACCIDENT - PROPERTY DAMAGE",
        "operation_id": null,
        "organization_id": "678dee26-6aa8-4d60-bf1c-30c7b0f6b517",
        "Shape__Length": 0.044719812901211936
      }
    },
    {
      "type": "Feature",
      "id": 11,
      "geometry": {
        "type": "LineString",
        "coordinates": [
          [
            -86.690739,
            36.273387
          ],
          [
            -86.6907389,
            36.2733873
          ],
          [
            -86.6907388,
            36.2733879
          ],
          [
            -86.6907389,
            36.2733882
          ],
          [
            -86.690739,
            36.2733885
          ],
          [
            -86.6907392,
            36.2733887
          ],
          [
            -86.6907395,
            36.2733889
          ],
          [
            -86.6907397,
            36.273389
          ],
          [
            -86.6907398,
            36.273389
          ],
          [
            -86.6907395,
            36.2733892
          ],
          [
            -86.6907393,
            36.2733895
          ],
          [
            -86.690739,
            36.2733897
          ],
          [
            -86.6907388,
            36.2733899
          ],
          [
            -86.6907387,
            36.27339
          ],
          [
            -86.6907387,
            36.2733917
          ],
          [
            -86.6907397,
            36.2733913
          ],
          [
            -86.6907417,
            36.2733916
          ],
          [
            -86.6907415,
            36.2733903
          ],
          [
            -86.6907398,
            36.2733913
          ],
          [
            -86.6907411,
            36.2733913
          ],
          [
            -86.6907485,
            36.2733885
          ],
          [
            -86.6907719,
            36.2733758
          ],
          [
            -86.6908136,
            36.2733554
          ],
          [
            -86.6908712,
            36.2733236
          ],
          [
            -86.6909493,
            36.2732842
          ],
          [
            -86.6910398,
            36.2732393
          ],
          [
            -86.6911293,
            36.2731954
          ],
          [
            -86.6912283,
            36.2731478
          ],
          [
            -86.6913505,
            36.2730875
          ],
          [
            -86.6914897,
            36.2730191
          ],
          [
            -86.6916434,
            36.2729454
          ],
          [
            -86.6918118,
            36.272868
          ],
          [
            -86.6919803,
            36.2727837
          ],
          [
            -86.692151,
            36.2727
          ],
          [
            -86.6923209,
            36.2726194
          ],
          [
            -86.6924905,
            36.2725392
          ],
          [
            -86.6926547,
            36.2724594
          ],
          [
            -86.6928188,
            36.2723783
          ],
          [
            -86.692986,
            36.2722925
          ],
          [
            -86.6931576,
            36.2722081
          ],
          [
            -86.693331,
            36.2721238
          ],
          [
            -86.6935023,
            36.2720387
          ],
          [
            -86.6936761,
            36.2719552
          ],
          [
            -86.6938503,
            36.2718698
          ],
          [
            -86.6940249,
            36.2717845
          ],
          [
            -86.6941998,
            36.2717019
          ],
          [
            -86.6943729,
            36.2716199
          ],
          [
            -86.6945445,
            36.2715352
          ],
          [
            -86.6947146,
            36.2714512
          ],
          [
            -86.6948871,
            36.2713675
          ],
          [
            -86.6950607,
            36.2712835
          ],
          [
            -86.6952336,
            36.2712015
          ],
          [
            -86.6953998,
            36.2711215
          ],
          [
            -86.6955635,
            36.271044
          ],
          [
            -86.6957254,
            36.270964
          ],
          [
            -86.6958861,
            36.270883
          ],
          [
            -86.6960488,
            36.2708042
          ],
          [
            -86.6962122,
            36.2707237
          ],
          [
            -86.6963745,
            36.2706446
          ],
          [
            -86.6965353,
            36.270566
          ],
          [
            -86.696697,
            36.2704843
          ],
          [
            -86.6968637,
            36.2704036
          ],
          [
            -86.6970293,
            36.2703221
          ],
          [
            -86.6971963,
            36.2702418
          ],
          [
            -86.6973631,
            36.2701634
          ],
          [
            -86.6975274,
            36.2700878
          ],
          [
            -86.6976889,
            36.2700123
          ],
          [
            -86.697843,
            36.2699328
          ],
          [
            -86.6979738,
            36.2698638
          ],
          [
            -86.6980161,
            36.2698451
          ],
          [
            -86.6980229,
            36.2698447
          ],
          [
            -86.6980269,
            36.269843
          ],
          [
            -86.6980302,
            36.2698406
          ],
          [
            -86.6980329,
            36.2698381
          ],
          [
            -86.6980337,
            36.2698361
          ],
          [
            -86.6980336,
            36.2698357
          ],
          [
            -86.6980331,
            36.2698365
          ],
          [
            -86.6980499,
            36.2698281
          ],
          [
            -86.6980944,
            36.2698066
          ],
          [
            -86.6981676,
            36.2697714
          ],
          [
            -86.6982714,
            36.2697217
          ],
          [
            -86.6983981,
            36.269661
          ],
          [
            -86.6985392,
            36.2695927
          ],
          [
            -86.698685,
            36.2695207
          ],
          [
            -86.6988315,
            36.2694481
          ],
          [
            -86.6989819,
            36.2693764
          ],
          [
            -86.6991331,
            36.2693024
          ],
          [
            -86.6992852,
            36.2692282
          ],
          [
            -86.6994379,
            36.2691544
          ],
          [
            -86.6995911,
            36.2690793
          ],
          [
            -86.699746,
            36.2690039
          ],
          [
            -86.6999004,
            36.2689273
          ],
          [
            -86.7000573,
            36.2688499
          ],
          [
            -86.7002153,
            36.2687721
          ],
          [
            -86.7003734,
            36.2686946
          ],
          [
            -86.7005341,
            36.2686172
          ],
          [
            -86.7006913,
            36.2685414
          ],
          [
            -86.7008469,
            36.2684668
          ],
          [
            -86.7010004,
            36.2683933
          ],
          [
            -86.7011539,
            36.2683191
          ],
          [
            -86.7013092,
            36.2682442
          ],
          [
            -86.7014649,
            36.2681703
          ],
          [
            -86.7016199,
            36.2680965
          ],
          [
            -86.7017721,
            36.2680196
          ],
          [
            -86.7019244,
            36.2679432
          ],
          [
            -86.70208,
            36.2678674
          ],
          [
            -86.7022358,
            36.2677913
          ],
          [
            -86.7023927,
            36.2677153
          ],
          [
            -86.702549,
            36.2676388
          ],
          [
            -86.7027057,
            36.2675617
          ],
          [
            -86.7028631,
            36.2674854
          ],
          [
            -86.7030202,
            36.267408
          ],
          [
            -86.703178,
            36.2673308
          ],
          [
            -86.7033356,
            36.2672542
          ],
          [
            -86.7034946,
            36.267177
          ],
          [
            -86.7036536,
            36.2670988
          ],
          [
            -86.7038137,
            36.2670213
          ],
          [
            -86.7039736,
            36.2669428
          ],
          [
            -86.7041348,
            36.2668649
          ],
          [
            -86.7042953,
            36.2667854
          ],
          [
            -86.7044561,
            36.2667065
          ],
          [
            -86.704618,
            36.2666284
          ],
          [
            -86.7047802,
            36.266548
          ],
          [
            -86.704945,
            36.2664685
          ],
          [
            -86.7051108,
            36.2663878
          ],
          [
            -86.705278,
            36.2663067
          ],
          [
            -86.7054449,
            36.2662257
          ],
          [
            -86.7056117,
            36.2661443
          ],
          [
            -86.7057786,
            36.2660626
          ],
          [
            -86.7059484,
            36.2659798
          ],
          [
            -86.7061189,
            36.2658979
          ],
          [
            -86.7062913,
            36.2658151
          ],
          [
            -86.7064634,
            36.2657316
          ],
          [
            -86.7066375,
            36.2656482
          ],
          [
            -86.7068103,
            36.2655639
          ],
          [
            -86.7069846,
            36.2654797
          ],
          [
            -86.7071591,
            36.2653945
          ],
          [
            -86.7073347,
            36.2653093
          ],
          [
            -86.7075093,
            36.2652243
          ],
          [
            -86.7076869,
            36.2651375
          ],
          [
            -86.7078653,
            36.2650509
          ],
          [
            -86.7080418,
            36.264964
          ],
          [
            -86.7082189,
            36.2648783
          ],
          [
            -86.7083953,
            36.2647922
          ],
          [
            -86.7085717,
            36.2647066
          ],
          [
            -86.7087463,
            36.2646222
          ],
          [
            -86.7089139,
            36.26454
          ],
          [
            -86.7090818,
            36.2644601
          ],
          [
            -86.7092422,
            36.2643918
          ],
          [
            -86.7093781,
            36.2643183
          ],
          [
            -86.7094967,
            36.264258
          ],
          [
            -86.7095848,
            36.2642155
          ],
          [
            -86.7096453,
            36.2641862
          ],
          [
            -86.7096805,
            36.2641691
          ],
          [
            -86.7096903,
            36.2641645
          ],
          [
            -86.709691,
            36.2641636
          ],
          [
            -86.7097001,
            36.2641543
          ],
          [
            -86.7097483,
            36.2641002
          ],
          [
            -86.7097827,
            36.2640557
          ],
          [
            -86.7097986,
            36.2640557
          ],
          [
            -86.7098745,
            36.2640445
          ],
          [
            -86.7099848,
            36.2640222
          ],
          [
            -86.7100838,
            36.2639966
          ],
          [
            -86.7101735,
            36.2639699
          ],
          [
            -86.7102634,
            36.2639435
          ],
          [
            -86.7103524,
            36.2639175
          ],
          [
            -86.710442,
            36.2638917
          ],
          [
            -86.7105348,
            36.263865
          ],
          [
            -86.7106008,
            36.263847
          ],
          [
            -86.7106069,
            36.2638462
          ],
          [
            -86.7106067,
            36.263848
          ],
          [
            -86.710609,
            36.2638478
          ],
          [
            -86.710664,
            36.2638389
          ],
          [
            -86.7107367,
            36.2638262
          ],
          [
            -86.7107993,
            36.2638034
          ],
          [
            -86.710911,
            36.2637691
          ],
          [
            -86.7110079,
            36.2637423
          ],
          [
            -86.7110291,
            36.2637427
          ],
          [
            -86.7110343,
            36.2637453
          ],
          [
            -86.7110373,
            36.263746
          ],
          [
            -86.7110373,
            36.2637463
          ],
          [
            -86.7110363,
            36.2637463
          ],
          [
            -86.7110337,
            36.2637465
          ],
          [
            -86.7110306,
            36.2637468
          ],
          [
            -86.7110277,
            36.2637468
          ],
          [
            -86.7110246,
            36.2637466
          ],
          [
            -86.7110205,
            36.2637464
          ],
          [
            -86.7110176,
            36.2637457
          ],
          [
            -86.711014,
            36.2637449
          ],
          [
            -86.7110109,
            36.2637446
          ],
          [
            -86.7110082,
            36.2637441
          ],
          [
            -86.711006,
            36.2637435
          ],
          [
            -86.7110053,
            36.2637427
          ],
          [
            -86.7110035,
            36.2637421
          ],
          [
            -86.7110017,
            36.2637418
          ],
          [
            -86.7110002,
            36.2637413
          ],
          [
            -86.7109989,
            36.2637409
          ],
          [
            -86.7109973,
            36.2637409
          ],
          [
            -86.7109949,
            36.263741
          ],
          [
            -86.7109938,
            36.2637411
          ],
          [
            -86.7109926,
            36.2637408
          ],
          [
            -86.7109906,
            36.2637413
          ],
          [
            -86.71099,
            36.2637416
          ],
          [
            -86.7109888,
            36.2637417
          ],
          [
            -86.7109876,
            36.2637418
          ],
          [
            -86.7109864,
            36.2637419
          ],
          [
            -86.710984,
            36.2637423
          ],
          [
            -86.7109823,
            36.2637434
          ],
          [
            -86.7109811,
            36.2637449
          ],
          [
            -86.7109797,
            36.2637456
          ],
          [
            -86.7109795,
            36.2637469
          ],
          [
            -86.710978,
            36.2637478
          ],
          [
            -86.710976,
            36.2637481
          ],
          [
            -86.7109753,
            36.263749
          ],
          [
            -86.7109733,
            36.2637497
          ],
          [
            -86.7109718,
            36.2637508
          ],
          [
            -86.7109705,
            36.2637515
          ],
          [
            -86.7109689,
            36.2637519
          ],
          [
            -86.7109676,
            36.2637528
          ],
          [
            -86.7109669,
            36.2637541
          ],
          [
            -86.7109668,
            36.2637553
          ],
          [
            -86.7109682,
            36.2637552
          ],
          [
            -86.7109679,
            36.2637558
          ],
          [
            -86.710968,
            36.2637566
          ],
          [
            -86.7109689,
            36.2637569
          ],
          [
            -86.7109694,
            36.2637572
          ],
          [
            -86.7109697,
            36.2637576
          ],
          [
            -86.7109701,
            36.263758
          ],
          [
            -86.7109708,
            36.2637584
          ],
          [
            -86.7109714,
            36.2637585
          ],
          [
            -86.7109712,
            36.2637585
          ],
          [
            -86.7109713,
            36.2637583
          ],
          [
            -86.7109695,
            36.2637595
          ],
          [
            -86.7109644,
            36.2637619
          ],
          [
            -86.7109645,
            36.2637624
          ],
          [
            -86.7109644,
            36.2637637
          ],
          [
            -86.7109636,
            36.2637656
          ],
          [
            -86.7109631,
            36.2637672
          ],
          [
            -86.710963,
            36.263767
          ],
          [
            -86.7109634,
            36.2637654
          ],
          [
            -86.710964,
            36.2637639
          ],
          [
            -86.7109631,
            36.2637643
          ],
          [
            -86.7109628,
            36.2637648
          ],
          [
            -86.7109624,
            36.263765
          ],
          [
            -86.7109623,
            36.263765
          ],
          [
            -86.7109626,
            36.2637644
          ],
          [
            -86.7109628,
            36.2637634
          ],
          [
            -86.710963,
            36.2637622
          ],
          [
            -86.7109632,
            36.2637608
          ],
          [
            -86.7109634,
            36.2637593
          ],
          [
            -86.7109636,
            36.2637579
          ],
          [
            -86.7109639,
            36.2637566
          ],
          [
            -86.7109646,
            36.2637552
          ],
          [
            -86.7109649,
            36.2637544
          ],
          [
            -86.7109656,
            36.2637536
          ],
          [
            -86.7109661,
            36.2637528
          ],
          [
            -86.7109665,
            36.2637521
          ],
          [
            -86.7109684,
            36.2637508
          ],
          [
            -86.710969,
            36.2637498
          ],
          [
            -86.7109701,
            36.2637486
          ],
          [
            -86.7109712,
            36.2637472
          ],
          [
            -86.7109725,
            36.2637456
          ],
          [
            -86.7109739,
            36.2637446
          ],
          [
            -86.7109747,
            36.2637436
          ],
          [
            -86.710976,
            36.2637424
          ],
          [
            -86.7109787,
            36.263741
          ],
          [
            -86.7109954,
            36.26373
          ],
          [
            -86.7110092,
            36.2637211
          ],
          [
            -86.711011,
            36.263721
          ],
          [
            -86.7110113,
            36.2637209
          ],
          [
            -86.7110116,
            36.2637207
          ],
          [
            -86.7110115,
            36.2637207
          ],
          [
            -86.7110115,
            36.263721
          ],
          [
            -86.7110111,
            36.2637211
          ],
          [
            -86.7110105,
            36.2637211
          ],
          [
            -86.7110102,
            36.2637216
          ],
          [
            -86.7110101,
            36.2637216
          ],
          [
            -86.7110097,
            36.2637217
          ],
          [
            -86.7110092,
            36.263722
          ],
          [
            -86.7110088,
            36.2637224
          ],
          [
            -86.7110087,
            36.2637229
          ],
          [
            -86.7110083,
            36.2637237
          ],
          [
            -86.7110082,
            36.263724
          ],
          [
            -86.711009,
            36.263724
          ],
          [
            -86.7110093,
            36.2637241
          ],
          [
            -86.7110099,
            36.2637245
          ],
          [
            -86.7110098,
            36.263725
          ],
          [
            -86.7110092,
            36.2637253
          ],
          [
            -86.7110093,
            36.2637255
          ],
          [
            -86.7110097,
            36.2637249
          ],
          [
            -86.7110092,
            36.2637252
          ],
          [
            -86.7110099,
            36.2637252
          ],
          [
            -86.7110097,
            36.2637254
          ],
          [
            -86.7110103,
            36.263725
          ],
          [
            -86.711011,
            36.2637253
          ],
          [
            -86.7110102,
            36.2637249
          ],
          [
            -86.7110102,
            36.2637246
          ],
          [
            -86.7110101,
            36.2637245
          ],
          [
            -86.71101,
            36.2637248
          ],
          [
            -86.7110092,
            36.2637253
          ],
          [
            -86.71101,
            36.2637257
          ],
          [
            -86.7110103,
            36.2637266
          ],
          [
            -86.7110107,
            36.2637272
          ],
          [
            -86.7110199,
            36.2637266
          ],
          [
            -86.7110975,
            36.2637336
          ],
          [
            -86.7111717,
            36.2637391
          ],
          [
            -86.7112044,
            36.2637428
          ],
          [
            -86.7112396,
            36.2637469
          ],
          [
            -86.7112757,
            36.2637509
          ],
          [
            -86.7112982,
            36.2637541
          ],
          [
            -86.7112872,
            36.2637558
          ],
          [
            -86.7112801,
            36.2637561
          ],
          [
            -86.7112703,
            36.2637543
          ],
          [
            -86.7112656,
            36.2637537
          ],
          [
            -86.7112673,
            36.2637538
          ],
          [
            -86.711268,
            36.2637537
          ],
          [
            -86.7112685,
            36.2637532
          ],
          [
            -86.7112686,
            36.2637526
          ],
          [
            -86.7112679,
            36.2637522
          ],
          [
            -86.7112669,
            36.2637518
          ],
          [
            -86.7112668,
            36.2637515
          ],
          [
            -86.711267,
            36.2637513
          ],
          [
            -86.7112673,
            36.2637506
          ],
          [
            -86.7112673,
            36.2637496
          ],
          [
            -86.7112668,
            36.2637494
          ],
          [
            -86.7112666,
            36.2637496
          ],
          [
            -86.7112667,
            36.2637497
          ],
          [
            -86.711267,
            36.2637495
          ],
          [
            -86.7112672,
            36.2637497
          ],
          [
            -86.7112668,
            36.2637492
          ],
          [
            -86.711267,
            36.2637488
          ],
          [
            -86.7112675,
            36.2637486
          ],
          [
            -86.7112675,
            36.2637482
          ],
          [
            -86.7112674,
            36.2637485
          ],
          [
            -86.7112672,
            36.263749
          ],
          [
            -86.7112662,
            36.2637486
          ],
          [
            -86.711266,
            36.2637487
          ],
          [
            -86.7112663,
            36.2637487
          ],
          [
            -86.7112665,
            36.2637488
          ],
          [
            -86.7112669,
            36.2637489
          ],
          [
            -86.7112674,
            36.2637488
          ],
          [
            -86.7112674,
            36.2637488
          ],
          [
            -86.7112673,
            36.2637487
          ],
          [
            -86.7112666,
            36.2637492
          ],
          [
            -86.7112664,
            36.2637496
          ],
          [
            -86.7112661,
            36.2637502
          ],
          [
            -86.711266,
            36.2637508
          ],
          [
            -86.711266,
            36.2637512
          ],
          [
            -86.7112661,
            36.2637514
          ],
          [
            -86.7112662,
            36.263752
          ],
          [
            -86.7112668,
            36.2637524
          ],
          [
            -86.7112662,
            36.2637522
          ],
          [
            -86.7112624,
            36.2637519
          ],
          [
            -86.7112602,
            36.2637522
          ],
          [
            -86.7112582,
            36.2637519
          ],
          [
            -86.7112567,
            36.2637556
          ],
          [
            -86.7112575,
            36.2637564
          ],
          [
            -86.7112581,
            36.2637573
          ],
          [
            -86.7112595,
            36.2637586
          ],
          [
            -86.7112601,
            36.2637587
          ],
          [
            -86.711266,
            36.2637555
          ],
          [
            -86.7112875,
            36.263749
          ],
          [
            -86.7113386,
            36.2637446
          ],
          [
            -86.7113452,
            36.2637418
          ],
          [
            -86.7113401,
            36.2637404
          ],
          [
            -86.7113262,
            36.2637363
          ],
          [
            -86.7112979,
            36.2637312
          ],
          [
            -86.7112904,
            36.2637296
          ],
          [
            -86.7112902,
            36.2637288
          ],
          [
            -86.7112913,
            36.2637276
          ],
          [
            -86.7112923,
            36.2637266
          ],
          [
            -86.7112925,
            36.2637251
          ],
          [
            -86.7112922,
            36.2637232
          ],
          [
            -86.7112928,
            36.2637221
          ],
          [
            -86.7112915,
            36.2637213
          ],
          [
            -86.7112914,
            36.2637204
          ],
          [
            -86.7112909,
            36.26372
          ],
          [
            -86.7112898,
            36.263719
          ],
          [
            -86.7112901,
            36.2637183
          ],
          [
            -86.7112909,
            36.2637175
          ],
          [
            -86.7112909,
            36.2637167
          ],
          [
            -86.7112909,
            36.2637158
          ],
          [
            -86.7112905,
            36.2637146
          ],
          [
            -86.7112899,
            36.2637131
          ],
          [
            -86.71129,
            36.2637122
          ],
          [
            -86.7112896,
            36.2637111
          ],
          [
            -86.7112893,
            36.2637105
          ],
          [
            -86.7112893,
            36.2637101
          ],
          [
            -86.7112893,
            36.263709
          ],
          [
            -86.7112894,
            36.263708
          ],
          [
            -86.7112896,
            36.2637069
          ],
          [
            -86.7112893,
            36.2637057
          ],
          [
            -86.7112883,
            36.2637048
          ],
          [
            -86.711287,
            36.2637037
          ],
          [
            -86.7112859,
            36.2637026
          ],
          [
            -86.711285,
            36.2637021
          ],
          [
            -86.711284,
            36.263702
          ],
          [
            -86.7112827,
            36.2637021
          ],
          [
            -86.7112801,
            36.2637021
          ],
          [
            -86.7112769,
            36.2637027
          ],
          [
            -86.7112739,
            36.2637034
          ],
          [
            -86.7112713,
            36.2637042
          ],
          [
            -86.7112698,
            36.2637045
          ],
          [
            -86.7112677,
            36.2637058
          ],
          [
            -86.7112655,
            36.2637069
          ],
          [
            -86.7112649,
            36.2637084
          ],
          [
            -86.7112648,
            36.2637103
          ],
          [
            -86.7112642,
            36.2637123
          ],
          [
            -86.7112638,
            36.2637136
          ],
          [
            -86.711263,
            36.2637148
          ],
          [
            -86.7112623,
            36.2637163
          ],
          [
            -86.7112621,
            36.2637185
          ],
          [
            -86.7112619,
            36.26372
          ],
          [
            -86.7112613,
            36.2637221
          ],
          [
            -86.7112614,
            36.2637233
          ],
          [
            -86.7112612,
            36.2637246
          ],
          [
            -86.711261,
            36.2637266
          ],
          [
            -86.7112602,
            36.2637285
          ],
          [
            -86.7112596,
            36.2637302
          ],
          [
            -86.711259,
            36.2637319
          ],
          [
            -86.7112578,
            36.2637332
          ],
          [
            -86.711257,
            36.2637349
          ],
          [
            -86.7112565,
            36.2637367
          ],
          [
            -86.7112553,
            36.2637378
          ],
          [
            -86.7112545,
            36.2637396
          ],
          [
            -86.7112531,
            36.2637408
          ],
          [
            -86.7112532,
            36.2637423
          ],
          [
            -86.7112535,
            36.2637436
          ],
          [
            -86.7112534,
            36.2637446
          ],
          [
            -86.7112528,
            36.263746
          ],
          [
            -86.7112521,
            36.2637476
          ],
          [
            -86.7112513,
            36.263749
          ],
          [
            -86.7112507,
            36.2637504
          ],
          [
            -86.71125,
            36.2637518
          ],
          [
            -86.711249,
            36.2637529
          ],
          [
            -86.7112481,
            36.2637543
          ],
          [
            -86.7112473,
            36.2637555
          ],
          [
            -86.7112466,
            36.2637567
          ],
          [
            -86.7112459,
            36.2637581
          ],
          [
            -86.7112455,
            36.2637592
          ],
          [
            -86.7112445,
            36.2637605
          ],
          [
            -86.7112432,
            36.2637616
          ],
          [
            -86.7112424,
            36.263763
          ],
          [
            -86.7112414,
            36.2637643
          ],
          [
            -86.7112401,
            36.2637652
          ],
          [
            -86.7112393,
            36.2637665
          ],
          [
            -86.7112385,
            36.2637676
          ],
          [
            -86.7112378,
            36.2637688
          ],
          [
            -86.7112372,
            36.2637701
          ],
          [
            -86.7112363,
            36.2637713
          ],
          [
            -86.7112354,
            36.2637724
          ],
          [
            -86.7112346,
            36.2637735
          ],
          [
            -86.7112335,
            36.2637744
          ],
          [
            -86.7112324,
            36.2637751
          ],
          [
            -86.7112319,
            36.2637762
          ],
          [
            -86.7112313,
            36.2637771
          ],
          [
            -86.7112306,
            36.2637781
          ],
          [
            -86.7112301,
            36.263779
          ],
          [
            -86.7112299,
            36.2637797
          ],
          [
            -86.7112297,
            36.2637802
          ],
          [
            -86.7112289,
            36.263781
          ],
          [
            -86.7112283,
            36.2637822
          ],
          [
            -86.7112277,
            36.2637832
          ],
          [
            -86.7112272,
            36.2637843
          ],
          [
            -86.7112259,
            36.2637853
          ],
          [
            -86.7112244,
            36.2637858
          ],
          [
            -86.7112232,
            36.2637865
          ],
          [
            -86.711222,
            36.2637868
          ],
          [
            -86.7112216,
            36.2637878
          ],
          [
            -86.7112216,
            36.263789
          ],
          [
            -86.7112207,
            36.2637896
          ],
          [
            -86.7112199,
            36.2637901
          ],
          [
            -86.7112192,
            36.2637906
          ],
          [
            -86.7112176,
            36.2637914
          ],
          [
            -86.7112166,
            36.2637922
          ],
          [
            -86.7112154,
            36.2637934
          ],
          [
            -86.7112135,
            36.2637944
          ],
          [
            -86.7112118,
            36.2637951
          ],
          [
            -86.7112107,
            36.2637956
          ],
          [
            -86.7112102,
            36.2637962
          ],
          [
            -86.7112098,
            36.2637972
          ],
          [
            -86.7112091,
            36.2637985
          ],
          [
            -86.7112083,
            36.2637998
          ],
          [
            -86.7112074,
            36.2638008
          ],
          [
            -86.7112066,
            36.2638018
          ],
          [
            -86.7112059,
            36.2638026
          ],
          [
            -86.7112054,
            36.2638038
          ],
          [
            -86.7112045,
            36.2638046
          ],
          [
            -86.7112039,
            36.2638054
          ],
          [
            -86.7112031,
            36.2638065
          ],
          [
            -86.7112026,
            36.2638076
          ],
          [
            -86.7112028,
            36.2638087
          ],
          [
            -86.7112019,
            36.2638099
          ],
          [
            -86.7112009,
            36.2638111
          ],
          [
            -86.7111998,
            36.2638122
          ],
          [
            -86.7111987,
            36.2638131
          ],
          [
            -86.7111979,
            36.2638138
          ],
          [
            -86.7111973,
            36.2638148
          ],
          [
            -86.7111958,
            36.2638155
          ],
          [
            -86.711196,
            36.2638167
          ],
          [
            -86.7111957,
            36.2638174
          ],
          [
            -86.7111954,
            36.2638176
          ],
          [
            -86.7111947,
            36.2638182
          ],
          [
            -86.7111937,
            36.2638191
          ],
          [
            -86.7111932,
            36.2638202
          ],
          [
            -86.7111924,
            36.2638211
          ],
          [
            -86.711191,
            36.2638215
          ],
          [
            -86.71119,
            36.2638218
          ],
          [
            -86.7111894,
            36.2638224
          ],
          [
            -86.711188,
            36.263823
          ],
          [
            -86.7111863,
            36.2638237
          ],
          [
            -86.7111851,
            36.2638244
          ],
          [
            -86.711184,
            36.2638251
          ],
          [
            -86.711183,
            36.2638259
          ],
          [
            -86.7111819,
            36.2638265
          ],
          [
            -86.7111805,
            36.2638273
          ],
          [
            -86.7111605,
            36.2638372
          ],
          [
            -86.711113,
            36.2638598
          ],
          [
            -86.7110355,
            36.2638939
          ],
          [
            -86.71093,
            36.2639441
          ],
          [
            -86.7107948,
            36.264008
          ],
          [
            -86.7106421,
            36.2640794
          ],
          [
            -86.7104882,
            36.264151
          ],
          [
            -86.7103342,
            36.2642229
          ],
          [
            -86.7101806,
            36.2642949
          ],
          [
            -86.7100267,
            36.2643673
          ],
          [
            -86.7098727,
            36.2644393
          ],
          [
            -86.7097194,
            36.2645113
          ],
          [
            -86.7095652,
            36.2645834
          ],
          [
            -86.7094107,
            36.2646553
          ],
          [
            -86.7092566,
            36.2647276
          ],
          [
            -86.7091022,
            36.2647996
          ],
          [
            -86.7089479,
            36.2648718
          ],
          [
            -86.7087933,
            36.2649439
          ],
          [
            -86.7086391,
            36.2650164
          ],
          [
            -86.7084851,
            36.2650884
          ],
          [
            -86.7083309,
            36.2651606
          ],
          [
            -86.7081768,
            36.2652326
          ],
          [
            -86.7080227,
            36.2653047
          ],
          [
            -86.7078683,
            36.2653765
          ],
          [
            -86.7077144,
            36.2654482
          ],
          [
            -86.7075603,
            36.26552
          ],
          [
            -86.7074062,
            36.265592
          ],
          [
            -86.7072521,
            36.2656641
          ],
          [
            -86.7070981,
            36.2657362
          ],
          [
            -86.7069441,
            36.2658083
          ],
          [
            -86.70679,
            36.2658804
          ],
          [
            -86.7066361,
            36.2659523
          ],
          [
            -86.706482,
            36.266024
          ],
          [
            -86.7063282,
            36.2660962
          ],
          [
            -86.7061739,
            36.2661682
          ],
          [
            -86.7060199,
            36.2662402
          ],
          [
            -86.7058666,
            36.2663122
          ],
          [
            -86.7057126,
            36.266384
          ],
          [
            -86.7055587,
            36.266456
          ],
          [
            -86.7054046,
            36.2665279
          ],
          [
            -86.7052505,
            36.2666001
          ],
          [
            -86.7050965,
            36.266672
          ],
          [
            -86.7049431,
            36.266744
          ],
          [
            -86.7047888,
            36.2668165
          ],
          [
            -86.7046355,
            36.2668889
          ],
          [
            -86.7044811,
            36.2669606
          ],
          [
            -86.7043278,
            36.2670324
          ],
          [
            -86.7041733,
            36.2671039
          ],
          [
            -86.704019,
            36.267176
          ],
          [
            -86.703865,
            36.2672484
          ],
          [
            -86.7037108,
            36.2673204
          ],
          [
            -86.7035567,
            36.2673928
          ],
          [
            -86.7034024,
            36.2674648
          ],
          [
            -86.7032478,
            36.2675363
          ],
          [
            -86.7030934,
            36.2676081
          ],
          [
            -86.7029393,
            36.2676799
          ],
          [
            -86.7027852,
            36.2677521
          ],
          [
            -86.7026312,
            36.2678241
          ],
          [
            -86.7024773,
            36.2678963
          ],
          [
            -86.7023234,
            36.2679685
          ],
          [
            -86.7021701,
            36.2680408
          ],
          [
            -86.7020167,
            36.2681125
          ],
          [
            -86.7018635,
            36.2681841
          ],
          [
            -86.7017096,
            36.268256
          ],
          [
            -86.701556,
            36.2683274
          ],
          [
            -86.7014026,
            36.2683993
          ],
          [
            -86.7012485,
            36.268471
          ],
          [
            -86.701095,
            36.2685426
          ],
          [
            -86.7009415,
            36.2686144
          ],
          [
            -86.7007871,
            36.2686864
          ],
          [
            -86.7006328,
            36.2687585
          ],
          [
            -86.700479,
            36.2688307
          ],
          [
            -86.7003251,
            36.2689029
          ],
          [
            -86.7001712,
            36.2689747
          ],
          [
            -86.7000179,
            36.2690461
          ],
          [
            -86.6998638,
            36.2691179
          ],
          [
            -86.6997102,
            36.2691901
          ],
          [
            -86.6995557,
            36.2692619
          ],
          [
            -86.6994016,
            36.2693343
          ],
          [
            -86.6992472,
            36.2694061
          ],
          [
            -86.6990935,
            36.2694779
          ],
          [
            -86.6989395,
            36.2695497
          ],
          [
            -86.6987856,
            36.2696215
          ],
          [
            -86.6986309,
            36.2696932
          ],
          [
            -86.6984778,
            36.2697648
          ],
          [
            -86.6983243,
            36.2698376
          ],
          [
            -86.6981701,
            36.2699099
          ],
          [
            -86.6980164,
            36.2699825
          ],
          [
            -86.6978624,
            36.2700546
          ],
          [
            -86.6977084,
            36.2701269
          ],
          [
            -86.6975543,
            36.270199
          ],
          [
            -86.6974008,
            36.2702707
          ],
          [
            -86.6972487,
            36.2703421
          ],
          [
            -86.6970963,
            36.2704133
          ],
          [
            -86.6969449,
            36.2704837
          ],
          [
            -86.6967929,
            36.2705544
          ],
          [
            -86.6966402,
            36.2706253
          ],
          [
            -86.6964866,
            36.2706976
          ],
          [
            -86.6963323,
            36.2707693
          ],
          [
            -86.6961779,
            36.2708412
          ],
          [
            -86.6960242,
            36.2709135
          ],
          [
            -86.6958699,
            36.2709854
          ],
          [
            -86.6957157,
            36.2710575
          ],
          [
            -86.695562,
            36.2711296
          ],
          [
            -86.695408,
            36.2712013
          ],
          [
            -86.695254,
            36.2712736
          ],
          [
            -86.6951001,
            36.271345
          ],
          [
            -86.694946,
            36.2714168
          ],
          [
            -86.6947924,
            36.2714888
          ],
          [
            -86.694638,
            36.2715604
          ],
          [
            -86.6944838,
            36.2716321
          ],
          [
            -86.6943297,
            36.271704
          ],
          [
            -86.694176,
            36.2717761
          ],
          [
            -86.6940233,
            36.2718476
          ],
          [
            -86.6938705,
            36.2719193
          ],
          [
            -86.6937177,
            36.2719907
          ],
          [
            -86.6935644,
            36.2720624
          ],
          [
            -86.6934115,
            36.2721338
          ],
          [
            -86.6932576,
            36.2722058
          ],
          [
            -86.6931037,
            36.2722774
          ],
          [
            -86.6929498,
            36.2723497
          ],
          [
            -86.6927961,
            36.2724219
          ],
          [
            -86.6926419,
            36.2724937
          ],
          [
            -86.6924883,
            36.2725659
          ],
          [
            -86.6923344,
            36.2726383
          ],
          [
            -86.6921804,
            36.2727106
          ],
          [
            -86.6920265,
            36.2727823
          ],
          [
            -86.6918732,
            36.2728538
          ],
          [
            -86.6917193,
            36.272925
          ],
          [
            -86.6915647,
            36.2729968
          ],
          [
            -86.6914129,
            36.2730679
          ],
          [
            -86.6912781,
            36.273132
          ],
          [
            -86.6911573,
            36.2731892
          ],
          [
            -86.6910588,
            36.2732345
          ],
          [
            -86.6909908,
            36.2732667
          ],
          [
            -86.6909393,
            36.2732905
          ],
          [
            -86.690888,
            36.2733137
          ],
          [
            -86.6908372,
            36.2733373
          ],
          [
            -86.6907927,
            36.273358
          ],
          [
            -86.6907594,
            36.2733744
          ],
          [
            -86.6907481,
            36.2733784
          ],
          [
            -86.6907479,
            36.2733793
          ],
          [
            -86.6907461,
            36.2733804
          ],
          [
            -86.6907424,
            36.2733802
          ],
          [
            -86.6907413,
            36.2733797
          ],
          [
            -86.6907429,
            36.27338
          ],
          [
            -86.6907424,
            36.2733802
          ],
          [
            -86.6907435,
            36.2733801
          ],
          [
            -86.6907443,
            36.2733799
          ],
          [
            -86.6907453,
            36.2733791
          ],
          [
            -86.6907458,
            36.2733794
          ],
          [
            -86.6907454,
            36.2733788
          ],
          [
            -86.6907453,
            36.2733786
          ],
          [
            -86.6907443,
            36.2733777
          ],
          [
            -86.6907457,
            36.2733777
          ],
          [
            -86.690746,
            36.2733783
          ],
          [
            -86.6907448,
            36.2733778
          ],
          [
            -86.690745,
            36.273378
          ],
          [
            -86.6907449,
            36.273378
          ],
          [
            -86.6907445,
            36.273378
          ],
          [
            -86.6907443,
            36.2733781
          ],
          [
            -86.6907441,
            36.2733782
          ],
          [
            -86.690744,
            36.2733783
          ],
          [
            -86.6907437,
            36.2733784
          ],
          [
            -86.6907436,
            36.2733786
          ],
          [
            -86.6907437,
            36.2733788
          ],
          [
            -86.6907438,
            36.2733789
          ],
          [
            -86.6907436,
            36.273379
          ],
          [
            -86.6907435,
            36.2733789
          ],
          [
            -86.6907432,
            36.2733787
          ],
          [
            -86.6907429,
            36.2733784
          ],
          [
            -86.6907426,
            36.2733777
          ],
          [
            -86.6907424,
            36.2733777
          ],
          [
            -86.6907424,
            36.2733778
          ],
          [
            -86.6907423,
            36.2733776
          ],
          [
            -86.6907421,
            36.2733775
          ]
        ]
      },
      "properties": {
        "ObjectId": 11,
        "flight_id": "d015ceb2-873a-4560-8f32-390eb242dc8f",
        "vehicle_serial": null,
        "dock_serial": null,
        "user_email": null,
        "takeoff": 1779831001211,
        "landing": 1779831675928,
        "external_id": "PD202600390843",
        "description": null,
        "flight_purpose": "SAFETY HAZARD ",
        "operation_id": null,
        "organization_id": "678dee26-6aa8-4d60-bf1c-30c7b0f6b517",
        "Shape__Length": 0.046019532821858486
      }
    },
    {
      "type": "Feature",
      "id": 12,
      "geometry": {
        "type": "MultiLineString",
        "coordinates": [
          [
            [
              -86.6998851052632,
              36.2934499578947
            ],
            [
              -86.6998850772727,
              36.2934500045455
            ],
            [
              -86.6998851,
              36.29345
            ],
            [
              -86.6998851052632,
              36.2934499578947
            ]
          ],
          [
            [
              -86.6998845818182,
              36.2934497363636
            ],
            [
              -86.6998842,
              36.2934498
            ],
            [
              -86.69988455,
              36.2934498
            ],
            [
              -86.6998845,
              36.2934499
            ],
            [
              -86.6998845333333,
              36.2934499333333
            ],
            [
              -86.6998846,
              36.2934498
            ],
            [
              -86.69988455,
              36.2934498
            ],
            [
              -86.6998845818182,
              36.2934497363636
            ]
          ],
          [
            [
              -86.6998846,
              36.2934497
            ],
            [
              -86.6998846222222,
              36.2934497296296
            ],
            [
              -86.6998846875,
              36.29344971875
            ],
            [
              -86.6998847135135,
              36.2934497243243
            ],
            [
              -86.6998847333333,
              36.2934497111111
            ],
            [
              -86.6998846875,
              36.29344971875
            ],
            [
              -86.6998846,
              36.2934497
            ]
          ],
          [
            [
              -86.6998847666667,
              36.2934496888889
            ],
            [
              -86.6998847333333,
              36.2934497111111
            ],
            [
              -86.6998848,
              36.2934497
            ],
            [
              -86.6998847666667,
              36.2934496888889
            ]
          ],
          [
            [
              -86.6998863,
              36.2934495
            ],
            [
              -86.6998860454545,
              36.2934496090909
            ],
            [
              -86.6998859909091,
              36.2934495681818
            ],
            [
              -86.6998860208211,
              36.2934496196481
            ],
            [
              -86.6998860454545,
              36.2934496090909
            ],
            [
              -86.69988654,
              36.29344998
            ],
            [
              -86.6998863,
              36.2934495
            ]
          ],
          [
            [
              -86.6998851666667,
              36.2934491888889
            ],
            [
              -86.699885,
              36.2934493
            ],
            [
              -86.6998851836735,
              36.2934493306122
            ],
            [
              -86.6998852,
              36.2934492
            ],
            [
              -86.6998851666667,
              36.2934491888889
            ]
          ],
          [
            [
              -86.6907409,
              36.2734037
            ],
            [
              -86.6907396,
              36.2734041
            ],
            [
              -86.6907399679245,
              36.273404345283
            ],
            [
              -86.6907409,
              36.2734037
            ]
          ],
          [
            [
              -86.6907463,
              36.2734069
            ],
            [
              -86.6907463363636,
              36.2734069181818
            ],
            [
              -86.6907467,
              36.2734067
            ],
            [
              -86.6907444,
              36.2734059
            ],
            [
              -86.6907441,
              36.2734052
            ],
            [
              -86.6907445,
              36.2734048
            ],
            [
              -86.6907443,
              36.2734044
            ],
            [
              -86.6907413,
              36.2734034
            ],
            [
              -86.6907402,
              36.2734045
            ],
            [
              -86.6907399679245,
              36.273404345283
            ],
            [
              -86.6907396,
              36.2734046
            ],
            [
              -86.6907392,
              36.2734042
            ],
            [
              -86.6907399,
              36.2734034
            ],
            [
              -86.6907397,
              36.273403
            ],
            [
              -86.6907403,
              36.2734033
            ],
            [
              -86.690741,
              36.2734032
            ],
            [
              -86.6907416,
              36.2734032
            ],
            [
              -86.6907422,
              36.2734033
            ],
            [
              -86.6907427,
              36.2734035
            ],
            [
              -86.6907433,
              36.2734037
            ],
            [
              -86.6907439,
              36.2734039
            ],
            [
              -86.6907446,
              36.2734041
            ],
            [
              -86.6907453,
              36.2734043
            ],
            [
              -86.6907458,
              36.2734044
            ],
            [
              -86.6907463,
              36.2734047
            ],
            [
              -86.6907466,
              36.273405
            ],
            [
              -86.6907464,
              36.2734055
            ],
            [
              -86.6907468,
              36.2734059
            ],
            [
              -86.690747,
              36.2734062
            ],
            [
              -86.6907473,
              36.2734067
            ],
            [
              -86.6907472,
              36.273407
            ],
            [
              -86.6907469,
              36.273407
            ],
            [
              -86.6907465,
              36.273407
            ],
            [
              -86.6907463363636,
              36.2734069181818
            ],
            [
              -86.6907452,
              36.2734076
            ],
            [
              -86.69075,
              36.273414
            ],
            [
              -86.6907613,
              36.2734396
            ],
            [
              -86.6907789,
              36.2734778
            ],
            [
              -86.6907984,
              36.2735214
            ],
            [
              -86.6908184,
              36.2735669
            ],
            [
              -86.6908384,
              36.2736121
            ],
            [
              -86.6908606,
              36.27366
            ],
            [
              -86.6908856,
              36.273719
            ],
            [
              -86.690914,
              36.2737779
            ],
            [
              -86.6909521,
              36.2738638
            ],
            [
              -86.6910034,
              36.2739742
            ],
            [
              -86.691059,
              36.274096
            ],
            [
              -86.6911204,
              36.2742299
            ],
            [
              -86.6911823,
              36.2743651
            ],
            [
              -86.6912448,
              36.274501
            ],
            [
              -86.6913071,
              36.2746368
            ],
            [
              -86.6913688,
              36.274773
            ],
            [
              -86.6914281,
              36.2749066
            ],
            [
              -86.691489,
              36.2750393
            ],
            [
              -86.6915494,
              36.2751709
            ],
            [
              -86.6916103,
              36.2753047
            ],
            [
              -86.6916716,
              36.2754387
            ],
            [
              -86.6917337,
              36.2755733
            ],
            [
              -86.6917957,
              36.2757082
            ],
            [
              -86.691858,
              36.2758436
            ],
            [
              -86.6919198,
              36.2759789
            ],
            [
              -86.6919813,
              36.2761144
            ],
            [
              -86.6920432,
              36.2762498
            ],
            [
              -86.6921043,
              36.2763853
            ],
            [
              -86.6921663,
              36.2765206
            ],
            [
              -86.6922276,
              36.276656
            ],
            [
              -86.6922901,
              36.2767908
            ],
            [
              -86.6923514,
              36.2769265
            ],
            [
              -86.6924131,
              36.2770621
            ],
            [
              -86.6924746,
              36.2771975
            ],
            [
              -86.6925365,
              36.277333
            ],
            [
              -86.692598,
              36.2774682
            ],
            [
              -86.6926597,
              36.2776034
            ],
            [
              -86.6927213,
              36.2777383
            ],
            [
              -86.6927818,
              36.2778729
            ],
            [
              -86.6928442,
              36.2780069
            ],
            [
              -86.6929049,
              36.2781414
            ],
            [
              -86.6929658,
              36.2782763
            ],
            [
              -86.6930269,
              36.2784108
            ],
            [
              -86.6930881,
              36.278545
            ],
            [
              -86.6931497,
              36.2786799
            ],
            [
              -86.6932121,
              36.2788151
            ],
            [
              -86.6932733,
              36.2789501
            ],
            [
              -86.6933358,
              36.2790836
            ],
            [
              -86.693397,
              36.2792178
            ],
            [
              -86.6934584,
              36.2793535
            ],
            [
              -86.6935196,
              36.2794879
            ],
            [
              -86.6935812,
              36.279623
            ],
            [
              -86.6936428,
              36.2797581
            ],
            [
              -86.6937045,
              36.2798937
            ],
            [
              -86.6937663,
              36.2800278
            ],
            [
              -86.6938268,
              36.2801633
            ],
            [
              -86.6938882,
              36.2802975
            ],
            [
              -86.6939491,
              36.2804323
            ],
            [
              -86.6940102,
              36.2805668
            ],
            [
              -86.694072,
              36.2807017
            ],
            [
              -86.6941335,
              36.2808367
            ],
            [
              -86.6941947,
              36.2809716
            ],
            [
              -86.6942558,
              36.2811059
            ],
            [
              -86.694317,
              36.2812408
            ],
            [
              -86.6943792,
              36.2813759
            ],
            [
              -86.6944401,
              36.2815108
            ],
            [
              -86.6945022,
              36.2816457
            ],
            [
              -86.6945641,
              36.2817803
            ],
            [
              -86.6946259,
              36.2819151
            ],
            [
              -86.6946882,
              36.2820501
            ],
            [
              -86.6947502,
              36.2821849
            ],
            [
              -86.6948125,
              36.2823203
            ],
            [
              -86.6948749,
              36.2824557
            ],
            [
              -86.6949372,
              36.2825915
            ],
            [
              -86.6949983,
              36.2827285
            ],
            [
              -86.6950589,
              36.2828642
            ],
            [
              -86.6951197,
              36.2829994
            ],
            [
              -86.6951808,
              36.2831355
            ],
            [
              -86.6952418,
              36.2832709
            ],
            [
              -86.6953041,
              36.283405
            ],
            [
              -86.695366,
              36.28354
            ],
            [
              -86.6954288,
              36.283675
            ],
            [
              -86.6954903,
              36.2838108
            ],
            [
              -86.6955525,
              36.2839463
            ],
            [
              -86.6956146,
              36.2840827
            ],
            [
              -86.6956763,
              36.2842185
            ],
            [
              -86.6957381,
              36.2843533
            ],
            [
              -86.6957996,
              36.2844884
            ],
            [
              -86.695861,
              36.284623
            ],
            [
              -86.6959234,
              36.2847578
            ],
            [
              -86.6959851,
              36.284893
            ],
            [
              -86.6960463,
              36.2850283
            ],
            [
              -86.6961093,
              36.2851635
            ],
            [
              -86.696171,
              36.2852988
            ],
            [
              -86.6962331,
              36.2854341
            ],
            [
              -86.6962933,
              36.2855686
            ],
            [
              -86.6963522,
              36.2856993
            ],
            [
              -86.6964088,
              36.2858245
            ],
            [
              -86.6964618,
              36.2859458
            ],
            [
              -86.6965156,
              36.286063
            ],
            [
              -86.6965702,
              36.2861834
            ],
            [
              -86.6966229,
              36.2863027
            ],
            [
              -86.6966769,
              36.2864194
            ],
            [
              -86.6967327,
              36.2865406
            ],
            [
              -86.6967928,
              36.2866678
            ],
            [
              -86.6968532,
              36.2868003
            ],
            [
              -86.6969145,
              36.2869327
            ],
            [
              -86.6969758,
              36.2870664
            ],
            [
              -86.6970349,
              36.2871987
            ],
            [
              -86.6970937,
              36.2873254
            ],
            [
              -86.6971457,
              36.2874399
            ],
            [
              -86.6971982,
              36.2875575
            ],
            [
              -86.6972519,
              36.2876709
            ],
            [
              -86.6973069,
              36.2877913
            ],
            [
              -86.6973657,
              36.2879217
            ],
            [
              -86.6974241,
              36.2880504
            ],
            [
              -86.6974824,
              36.288177
            ],
            [
              -86.6975408,
              36.2883037
            ],
            [
              -86.6975991,
              36.2884316
            ],
            [
              -86.6976592,
              36.2885628
            ],
            [
              -86.6977198,
              36.2886975
            ],
            [
              -86.6977804,
              36.2888315
            ],
            [
              -86.6978403,
              36.2889645
            ],
            [
              -86.6979021,
              36.2890973
            ],
            [
              -86.6979629,
              36.2892318
            ],
            [
              -86.6980251,
              36.2893675
            ],
            [
              -86.698087,
              36.2895036
            ],
            [
              -86.6981483,
              36.2896391
            ],
            [
              -86.6982088,
              36.2897753
            ],
            [
              -86.6982716,
              36.2899098
            ],
            [
              -86.6983328,
              36.290045
            ],
            [
              -86.698394,
              36.2901798
            ],
            [
              -86.698455,
              36.2903139
            ],
            [
              -86.6985147,
              36.2904467
            ],
            [
              -86.6985764,
              36.2905814
            ],
            [
              -86.6986385,
              36.2907164
            ],
            [
              -86.6986999,
              36.2908525
            ],
            [
              -86.6987628,
              36.2909874
            ],
            [
              -86.6988241,
              36.2911228
            ],
            [
              -86.6988851,
              36.2912573
            ],
            [
              -86.6989475,
              36.291392
            ],
            [
              -86.6990103,
              36.2915268
            ],
            [
              -86.6990717,
              36.291662
            ],
            [
              -86.6991336,
              36.2917974
            ],
            [
              -86.6991948,
              36.2919334
            ],
            [
              -86.699256,
              36.2920693
            ],
            [
              -86.6993169,
              36.2922051
            ],
            [
              -86.6993791,
              36.2923393
            ],
            [
              -86.6994408,
              36.2924737
            ],
            [
              -86.6995003,
              36.2926072
            ],
            [
              -86.6995617,
              36.2927398
            ],
            [
              -86.699623,
              36.2928721
            ],
            [
              -86.6996848,
              36.2930064
            ],
            [
              -86.6997441,
              36.2931367
            ],
            [
              -86.6997978,
              36.2932504
            ],
            [
              -86.6998385,
              36.2933405
            ],
            [
              -86.699863,
              36.293404
            ],
            [
              -86.6998795,
              36.2934384
            ],
            [
              -86.6998856022971,
              36.2934488995406
            ],
            [
              -86.6998861,
              36.2934488
            ],
            [
              -86.6998857936852,
              36.2934492288407
            ],
            [
              -86.6998856022971,
              36.2934488995406
            ],
            [
              -86.6998856,
              36.2934489
            ],
            [
              -86.699885276,
              36.293449116
            ],
            [
              -86.6998847695652,
              36.293448926087
            ],
            [
              -86.6998847714286,
              36.2934489285714
            ],
            [
              -86.6998847666667,
              36.293448925
            ],
            [
              -86.6998847695652,
              36.293448926087
            ],
            [
              -86.6998846,
              36.2934487
            ],
            [
              -86.6998846,
              36.2934488
            ],
            [
              -86.6998847666667,
              36.293448925
            ],
            [
              -86.6998839,
              36.2934486
            ],
            [
              -86.6998833,
              36.2934485
            ],
            [
              -86.6998825,
              36.293449
            ],
            [
              -86.6998836,
              36.2934495
            ],
            [
              -86.699884,
              36.2934499
            ],
            [
              -86.6998844583333,
              36.2934500833333
            ],
            [
              -86.6998845333333,
              36.2934499333333
            ],
            [
              -86.6998846777778,
              36.2934500777778
            ],
            [
              -86.6998848470588,
              36.2934500294118
            ],
            [
              -86.6998848608696,
              36.2934500478261
            ],
            [
              -86.6998850772727,
              36.2934500045455
            ],
            [
              -86.6998849193548,
              36.2934502677419
            ],
            [
              -86.6998848333333,
              36.2934502333333
            ],
            [
              -86.6998849,
              36.2934503
            ],
            [
              -86.6998849193548,
              36.2934502677419
            ],
            [
              -86.699884969697,
              36.2934502878788
            ],
            [
              -86.6998852,
              36.29345
            ],
            [
              -86.699885425,
              36.29345
            ],
            [
              -86.6998858,
              36.2934503
            ],
            [
              -86.6998858,
              36.29345005
            ],
            [
              -86.6998856,
              36.2934501
            ],
            [
              -86.6998856,
              36.29345
            ],
            [
              -86.6998858,
              36.2934500285714
            ],
            [
              -86.6998858,
              36.2934499571429
            ],
            [
              -86.699886,
              36.29345
            ],
            [
              -86.6998858545455,
              36.2934500363636
            ],
            [
              -86.6998858,
              36.2934500285714
            ],
            [
              -86.6998858,
              36.29345005
            ],
            [
              -86.6998858545455,
              36.2934500363636
            ],
            [
              -86.6998863,
              36.2934501
            ],
            [
              -86.6998860208211,
              36.2934496196481
            ],
            [
              -86.6998858,
              36.2934497142857
            ],
            [
              -86.6998858,
              36.2934497
            ],
            [
              -86.6998859222222,
              36.2934495166667
            ],
            [
              -86.6998859909091,
              36.2934495681818
            ],
            [
              -86.6998859429224,
              36.2934494856164
            ],
            [
              -86.6998859222222,
              36.2934495166667
            ],
            [
              -86.699885788,
              36.293449416
            ],
            [
              -86.6998857068966,
              36.2934494275862
            ],
            [
              -86.6998857,
              36.2934494
            ],
            [
              -86.6998856666667,
              36.2934494333333
            ],
            [
              -86.6998857068966,
              36.2934494275862
            ],
            [
              -86.6998857806451,
              36.2934497225806
            ],
            [
              -86.6998858,
              36.2934497142857
            ],
            [
              -86.6998858,
              36.2934498
            ],
            [
              -86.6998857806451,
              36.2934497225806
            ],
            [
              -86.6998856,
              36.2934498
            ],
            [
              -86.6998858,
              36.2934498
            ],
            [
              -86.6998858,
              36.2934499571429
            ],
            [
              -86.6998856,
              36.2934499142857
            ],
            [
              -86.6998856,
              36.29345
            ],
            [
              -86.699885425,
              36.29345
            ],
            [
              -86.6998853,
              36.2934499
            ],
            [
              -86.6998851068965,
              36.2934499551724
            ],
            [
              -86.6998851848101,
              36.2934498253165
            ],
            [
              -86.6998856,
              36.2934499142857
            ],
            [
              -86.6998856,
              36.2934498
            ],
            [
              -86.6998852,
              36.2934498
            ],
            [
              -86.6998851848101,
              36.2934498253165
            ],
            [
              -86.6998851234783,
              36.2934498121739
            ],
            [
              -86.6998851055556,
              36.2934499555556
            ],
            [
              -86.6998851068965,
              36.2934499551724
            ],
            [
              -86.6998851052632,
              36.2934499578947
            ],
            [
              -86.6998851055556,
              36.2934499555556
            ],
            [
              -86.6998848470588,
              36.2934500294118
            ],
            [
              -86.699884675,
              36.2934498
            ],
            [
              -86.6998846,
              36.2934498
            ],
            [
              -86.69988465,
              36.2934497666667
            ],
            [
              -86.699884675,
              36.2934498
            ],
            [
              -86.6998849,
              36.2934498
            ],
            [
              -86.6998849454545,
              36.293449774026
            ],
            [
              -86.6998851234783,
              36.2934498121739
            ],
            [
              -86.6998851333333,
              36.2934497333333
            ],
            [
              -86.6998851,
              36.2934498
            ],
            [
              -86.69988514,
              36.29344968
            ],
            [
              -86.6998851333333,
              36.2934497333333
            ],
            [
              -86.69988518,
              36.29344964
            ],
            [
              -86.6998851470588,
              36.2934496588235
            ],
            [
              -86.6998852,
              36.2934495
            ],
            [
              -86.6998852538461,
              36.2934494923077
            ],
            [
              -86.69988518,
              36.29344964
            ],
            [
              -86.6998855,
              36.2934494571429
            ],
            [
              -86.6998852538461,
              36.2934494923077
            ],
            [
              -86.6998853,
              36.2934494
            ],
            [
              -86.6998851666667,
              36.2934494666667
            ],
            [
              -86.6998851836735,
              36.2934493306122
            ],
            [
              -86.6998856,
              36.2934494
            ],
            [
              -86.6998855,
              36.2934494571429
            ],
            [
              -86.6998856454545,
              36.2934494363636
            ],
            [
              -86.6998856,
              36.2934495
            ],
            [
              -86.6998856666667,
              36.2934494333333
            ],
            [
              -86.6998856454545,
              36.2934494363636
            ],
            [
              -86.6998857046512,
              36.2934493534884
            ],
            [
              -86.699885788,
              36.293449416
            ],
            [
              -86.6998858936866,
              36.2934494009019
            ],
            [
              -86.6998859429224,
              36.2934494856164
            ],
            [
              -86.699886,
              36.2934494
            ],
            [
              -86.6998859,
              36.2934494
            ],
            [
              -86.6998858936866,
              36.2934494009019
            ],
            [
              -86.6998857936852,
              36.2934492288407
            ],
            [
              -86.6998857046512,
              36.2934493534884
            ],
            [
              -86.6998855,
              36.2934492
            ],
            [
              -86.699885276,
              36.293449116
            ],
            [
              -86.6998851666667,
              36.2934491888889
            ],
            [
              -86.6998849,
              36.2934491
            ],
            [
              -86.6998848666667,
              36.2934490555556
            ],
            [
              -86.699885,
              36.2934491
            ],
            [
              -86.6998847714286,
              36.2934489285714
            ],
            [
              -86.6998848666667,
              36.2934490555556
            ],
            [
              -86.6998847,
              36.293449
            ],
            [
              -86.6998847,
              36.2934489
            ],
            [
              -86.6998844,
              36.2934491
            ],
            [
              -86.6998846,
              36.2934495
            ],
            [
              -86.6998845,
              36.2934496
            ],
            [
              -86.6998847666667,
              36.2934496888889
            ],
            [
              -86.6998849,
              36.2934496
            ],
            [
              -86.6998851666667,
              36.2934494666667
            ],
            [
              -86.6998851423077,
              36.2934496615385
            ],
            [
              -86.6998851470588,
              36.2934496588235
            ],
            [
              -86.69988514,
              36.29344968
            ],
            [
              -86.6998851423077,
              36.2934496615385
            ],
            [
              -86.6998849454545,
              36.293449774026
            ],
            [
              -86.6998847135135,
              36.2934497243243
            ],
            [
              -86.69988465,
              36.2934497666667
            ],
            [
              -86.6998846222222,
              36.2934497296296
            ],
            [
              -86.6998845818182,
              36.2934497363636
            ],
            [
              -86.6998846,
              36.2934497
            ]
          ],
          [
            [
              -86.6907565,
              36.2734017
            ],
            [
              -86.6907555,
              36.2734005
            ],
            [
              -86.6907551,
              36.2734003
            ],
            [
              -86.6907539,
              36.2734004
            ],
            [
              -86.690753457732,
              36.2734005474227
            ],
            [
              -86.6907506,
              36.2733949
            ],
            [
              -86.6907498,
              36.2733949
            ],
            [
              -86.6907495,
              36.2733948
            ],
            [
              -86.69075,
              36.2733953
            ],
            [
              -86.6907502,
              36.273396
            ],
            [
              -86.6907492,
              36.2733965
            ],
            [
              -86.6907499,
              36.2733963
            ],
            [
              -86.6907505,
              36.2733966
            ],
            [
              -86.6907511,
              36.2733973
            ],
            [
              -86.6907515,
              36.273398
            ],
            [
              -86.6907519,
              36.2733988
            ],
            [
              -86.690752,
              36.2733996
            ],
            [
              -86.6907518,
              36.2734002
            ],
            [
              -86.6907522,
              36.2734003
            ],
            [
              -86.6907528,
              36.2734004
            ],
            [
              -86.6907533,
              36.2734006
            ],
            [
              -86.690753457732,
              36.2734005474227
            ],
            [
              -86.690759,
              36.2734115
            ],
            [
              -86.6907747,
              36.2734418
            ],
            [
              -86.6907987,
              36.2734898
            ],
            [
              -86.6908333,
              36.2735603
            ],
            [
              -86.6908822,
              36.2736649
            ],
            [
              -86.6909329,
              36.2737677
            ],
            [
              -86.690983,
              36.2738656
            ],
            [
              -86.6910471,
              36.273989
            ],
            [
              -86.6911254,
              36.2741445
            ],
            [
              -86.691207,
              36.2743101
            ],
            [
              -86.6912893,
              36.2744758
            ],
            [
              -86.6913712,
              36.2746404
            ],
            [
              -86.6914541,
              36.2748064
            ],
            [
              -86.6915383,
              36.2749723
            ],
            [
              -86.6916222,
              36.2751387
            ],
            [
              -86.6917056,
              36.2753053
            ],
            [
              -86.6917888,
              36.2754725
            ],
            [
              -86.6918717,
              36.2756394
            ],
            [
              -86.6919545,
              36.2758064
            ],
            [
              -86.6920381,
              36.2759731
            ],
            [
              -86.6921212,
              36.2761393
            ],
            [
              -86.6922038,
              36.2763051
            ],
            [
              -86.6922869,
              36.276471
            ],
            [
              -86.6923712,
              36.2766376
            ],
            [
              -86.6924542,
              36.276805
            ],
            [
              -86.6925383,
              36.2769719
            ],
            [
              -86.692622,
              36.2771385
            ],
            [
              -86.6927052,
              36.277305
            ],
            [
              -86.6927883,
              36.2774714
            ],
            [
              -86.692871,
              36.2776386
            ],
            [
              -86.6929555,
              36.2778057
            ],
            [
              -86.6930373,
              36.2779687
            ],
            [
              -86.6931134,
              36.278124
            ],
            [
              -86.693187,
              36.2782732
            ],
            [
              -86.6932566,
              36.2784146
            ],
            [
              -86.6933302,
              36.2785596
            ],
            [
              -86.6934094,
              36.2787183
            ],
            [
              -86.6934935,
              36.2788826
            ],
            [
              -86.6935697,
              36.2790359
            ],
            [
              -86.6936437,
              36.2791856
            ],
            [
              -86.6937162,
              36.2793324
            ],
            [
              -86.6937946,
              36.2794894
            ],
            [
              -86.6938793,
              36.279657
            ],
            [
              -86.6939632,
              36.2798247
            ],
            [
              -86.6940446,
              36.2799897
            ],
            [
              -86.6941243,
              36.280151
            ],
            [
              -86.6942048,
              36.2803136
            ],
            [
              -86.6942856,
              36.2804755
            ],
            [
              -86.6943642,
              36.280632
            ],
            [
              -86.6944402,
              36.2807845
            ],
            [
              -86.6945174,
              36.2809386
            ],
            [
              -86.6945966,
              36.281095
            ],
            [
              -86.6946797,
              36.2812602
            ],
            [
              -86.6947637,
              36.2814271
            ],
            [
              -86.6948456,
              36.281594
            ],
            [
              -86.6949285,
              36.2817606
            ],
            [
              -86.695012,
              36.2819275
            ],
            [
              -86.6950939,
              36.2820948
            ],
            [
              -86.6951775,
              36.2822618
            ],
            [
              -86.6952611,
              36.2824284
            ],
            [
              -86.6953441,
              36.2825941
            ],
            [
              -86.6954281,
              36.2827604
            ],
            [
              -86.6955113,
              36.2829265
            ],
            [
              -86.6955946,
              36.2830926
            ],
            [
              -86.6956773,
              36.2832586
            ],
            [
              -86.69576,
              36.2834246
            ],
            [
              -86.6958436,
              36.2835907
            ],
            [
              -86.6959267,
              36.2837575
            ],
            [
              -86.6960097,
              36.2839241
            ],
            [
              -86.6960919,
              36.2840895
            ],
            [
              -86.696173,
              36.2842534
            ],
            [
              -86.6962546,
              36.2844169
            ],
            [
              -86.6963367,
              36.2845808
            ],
            [
              -86.6964195,
              36.2847457
            ],
            [
              -86.6965026,
              36.2849122
            ],
            [
              -86.6965864,
              36.2850801
            ],
            [
              -86.6966709,
              36.2852477
            ],
            [
              -86.6967545,
              36.2854149
            ],
            [
              -86.6968381,
              36.285582
            ],
            [
              -86.6969216,
              36.2857492
            ],
            [
              -86.6970041,
              36.2859158
            ],
            [
              -86.6970874,
              36.2860822
            ],
            [
              -86.6971708,
              36.2862496
            ],
            [
              -86.6972537,
              36.2864152
            ],
            [
              -86.6973319,
              36.286572
            ],
            [
              -86.6974068,
              36.2867222
            ],
            [
              -86.6974777,
              36.2868646
            ],
            [
              -86.6975495,
              36.2870085
            ],
            [
              -86.6976234,
              36.2871587
            ],
            [
              -86.697706,
              36.2873214
            ],
            [
              -86.6977879,
              36.2874832
            ],
            [
              -86.69787,
              36.2876475
            ],
            [
              -86.6979532,
              36.2878135
            ],
            [
              -86.6980366,
              36.2879799
            ],
            [
              -86.6981197,
              36.2881469
            ],
            [
              -86.698203,
              36.2883142
            ],
            [
              -86.6982863,
              36.2884804
            ],
            [
              -86.6983691,
              36.2886463
            ],
            [
              -86.6984528,
              36.2888133
            ],
            [
              -86.6985356,
              36.2889797
            ],
            [
              -86.6986191,
              36.2891461
            ],
            [
              -86.6987022,
              36.2893124
            ],
            [
              -86.6987857,
              36.2894787
            ],
            [
              -86.6988693,
              36.2896457
            ],
            [
              -86.6989527,
              36.2898129
            ],
            [
              -86.6990359,
              36.2899798
            ],
            [
              -86.6991189,
              36.2901472
            ],
            [
              -86.699203,
              36.2903147
            ],
            [
              -86.6992859,
              36.2904813
            ],
            [
              -86.6993698,
              36.2906471
            ],
            [
              -86.6994523,
              36.2908141
            ],
            [
              -86.699535,
              36.2909814
            ],
            [
              -86.6996171,
              36.2911484
            ],
            [
              -86.6997012,
              36.2913151
            ],
            [
              -86.6997848,
              36.2914819
            ],
            [
              -86.6998679,
              36.2916492
            ],
            [
              -86.6999524,
              36.2918163
            ],
            [
              -86.7000355,
              36.2919836
            ],
            [
              -86.7001193,
              36.2921507
            ],
            [
              -86.7002035,
              36.2923174
            ],
            [
              -86.7002872,
              36.292484
            ],
            [
              -86.700367,
              36.2926411
            ],
            [
              -86.7004368,
              36.2927784
            ],
            [
              -86.7004933,
              36.2928897
            ],
            [
              -86.7005358,
              36.2929775
            ],
            [
              -86.700565,
              36.2930362
            ],
            [
              -86.7005832,
              36.2930719
            ],
            [
              -86.7005887,
              36.2930844
            ],
            [
              -86.7005889,
              36.293086
            ],
            [
              -86.7005893,
              36.2930867
            ],
            [
              -86.7005889,
              36.2930872
            ],
            [
              -86.7005684,
              36.2931159
            ],
            [
              -86.7005487,
              36.2932045
            ],
            [
              -86.7005487,
              36.2932878
            ],
            [
              -86.7004969,
              36.2933312
            ],
            [
              -86.700449,
              36.2933413
            ],
            [
              -86.7004101,
              36.2933773
            ],
            [
              -86.7003987,
              36.2934673
            ],
            [
              -86.7003896,
              36.2935496
            ],
            [
              -86.7002957,
              36.2936128
            ],
            [
              -86.7002343,
              36.2936389
            ],
            [
              -86.7002215,
              36.2936388
            ],
            [
              -86.7002188,
              36.2936377
            ],
            [
              -86.7002165,
              36.2936374
            ],
            [
              -86.7002142,
              36.2936367
            ],
            [
              -86.7002132,
              36.2936355
            ],
            [
              -86.7002133,
              36.2936348
            ],
            [
              -86.7002136,
              36.2936338
            ],
            [
              -86.7002142,
              36.2936324
            ],
            [
              -86.7002154,
              36.2936309
            ],
            [
              -86.7002169,
              36.2936297
            ],
            [
              -86.7002179,
              36.2936283
            ],
            [
              -86.7002188,
              36.2936271
            ],
            [
              -86.7002197,
              36.2936257
            ],
            [
              -86.7002199,
              36.2936237
            ],
            [
              -86.7002201,
              36.293622
            ],
            [
              -86.70022,
              36.2936203
            ],
            [
              -86.7002198,
              36.2936196
            ],
            [
              -86.7002188,
              36.2936187
            ],
            [
              -86.7002177,
              36.2936178
            ],
            [
              -86.7002165,
              36.2936166
            ],
            [
              -86.7002163,
              36.293616
            ],
            [
              -86.7002163,
              36.2936158
            ],
            [
              -86.7002167,
              36.2936148
            ],
            [
              -86.7002168,
              36.2936141
            ],
            [
              -86.7002159,
              36.2936132
            ],
            [
              -86.700215,
              36.2936125
            ],
            [
              -86.7002146,
              36.2936113
            ],
            [
              -86.7002137,
              36.2936097
            ],
            [
              -86.7002129,
              36.2936082
            ],
            [
              -86.7002118,
              36.2936068
            ],
            [
              -86.7002111,
              36.2936063
            ],
            [
              -86.7002105,
              36.2936054
            ],
            [
              -86.7002108,
              36.2936052
            ],
            [
              -86.7002114,
              36.2936049
            ],
            [
              -86.7002114,
              36.2936045
            ],
            [
              -86.7002114,
              36.2936041
            ],
            [
              -86.7002107,
              36.2936034
            ],
            [
              -86.7002099,
              36.2936028
            ],
            [
              -86.7002085,
              36.2936018
            ],
            [
              -86.7002073,
              36.2936007
            ],
            [
              -86.7002068,
              36.2936001
            ],
            [
              -86.7002069,
              36.2935994
            ],
            [
              -86.7002075,
              36.2935983
            ],
            [
              -86.7002072,
              36.2935973
            ],
            [
              -86.7002076,
              36.2935964
            ],
            [
              -86.7002079,
              36.2935952
            ],
            [
              -86.7002077,
              36.2935939
            ],
            [
              -86.7002071,
              36.2935928
            ],
            [
              -86.7002069,
              36.2935926
            ],
            [
              -86.7002063,
              36.2935924
            ],
            [
              -86.7002058,
              36.293592
            ],
            [
              -86.700206,
              36.2935917
            ],
            [
              -86.7002056444444,
              36.2935915222222
            ],
            [
              -86.7002057,
              36.2935918
            ],
            [
              -86.7002055,
              36.2935916
            ],
            [
              -86.7002056,
              36.2935915
            ],
            [
              -86.7002056444444,
              36.2935915222222
            ],
            [
              -86.7002055,
              36.2935908
            ],
            [
              -86.7002056,
              36.2935898
            ],
            [
              -86.7002053,
              36.2935889
            ],
            [
              -86.700205,
              36.2935881
            ],
            [
              -86.7002043,
              36.2935874
            ],
            [
              -86.7002035,
              36.2935866
            ],
            [
              -86.7002034,
              36.2935861
            ],
            [
              -86.7002025,
              36.2935849
            ],
            [
              -86.7002018,
              36.2935839
            ],
            [
              -86.7002011,
              36.2935826
            ],
            [
              -86.7002004,
              36.2935815
            ],
            [
              -86.7001994,
              36.2935804
            ],
            [
              -86.700199,
              36.2935794
            ],
            [
              -86.700198,
              36.2935784
            ],
            [
              -86.7001977,
              36.2935778
            ],
            [
              -86.7001969,
              36.2935768
            ],
            [
              -86.7001957,
              36.2935758
            ],
            [
              -86.7001941,
              36.2935752
            ],
            [
              -86.7001925,
              36.2935742
            ],
            [
              -86.7001913,
              36.2935733
            ],
            [
              -86.7001903,
              36.2935727
            ],
            [
              -86.7001892,
              36.2935715
            ],
            [
              -86.7001886,
              36.2935705
            ],
            [
              -86.7001885,
              36.2935692
            ],
            [
              -86.7001883,
              36.2935681
            ],
            [
              -86.7001891,
              36.293568
            ],
            [
              -86.7001866,
              36.2935653
            ],
            [
              -86.7001613,
              36.2935462
            ],
            [
              -86.7001311,
              36.2935271
            ],
            [
              -86.7001198,
              36.2935265
            ],
            [
              -86.700098,
              36.293538
            ],
            [
              -86.7000942,
              36.2935392
            ],
            [
              -86.7000879,
              36.293542
            ],
            [
              -86.7000808,
              36.293545
            ],
            [
              -86.7000628,
              36.2935437
            ],
            [
              -86.700043,
              36.2935408
            ],
            [
              -86.7000024,
              36.2935194
            ],
            [
              -86.6999264,
              36.2934761
            ],
            [
              -86.6998888,
              36.2934526
            ],
            [
              -86.6998877,
              36.2934511
            ],
            [
              -86.6998867,
              36.2934501
            ],
            [
              -86.69988654,
              36.29344998
            ],
            [
              -86.6998866,
              36.2934501
            ],
            [
              -86.6998858,
              36.2934504
            ],
            [
              -86.699885,
              36.2934503
            ],
            [
              -86.699884969697,
              36.2934502878788
            ],
            [
              -86.6998848,
              36.2934505
            ],
            [
              -86.6998843,
              36.2934504
            ],
            [
              -86.6998844583333,
              36.2934500833333
            ],
            [
              -86.6998848333333,
              36.2934502333333
            ],
            [
              -86.6998846833333,
              36.2934500833333
            ],
            [
              -86.6998846,
              36.2934501
            ],
            [
              -86.6998846777778,
              36.2934500777778
            ],
            [
              -86.6998846833333,
              36.2934500833333
            ],
            [
              -86.6998848608696,
              36.2934500478261
            ],
            [
              -86.6998849,
              36.2934501
            ]
          ]
        ]
      },
      "properties": {
        "ObjectId": 12,
        "flight_id": "28637e47-cb0f-4326-beb7-c3869d4f1126",
        "vehicle_serial": null,
        "dock_serial": null,
        "user_email": null,
        "takeoff": 1779829794529,
        "landing": 1779830284510,
        "external_id": "PD202600390784",
        "description": null,
        "flight_purpose": "VEHICLE ACCIDENT - PROPERTY DAMAGE",
        "operation_id": null,
        "organization_id": "678dee26-6aa8-4d60-bf1c-30c7b0f6b517",
        "Shape__Length": 0.04530293386432065
      }
    },
    {
      "type": "Feature",
      "id": 13,
      "geometry": {
        "type": "LineString",
        "coordinates": [
          [
            -86.6907465,
            36.2733817
          ],
          [
            -86.6907467,
            36.2733816
          ],
          [
            -86.6907468,
            36.2733814
          ],
          [
            -86.6907466,
            36.2733814
          ],
          [
            -86.6907464,
            36.2733813
          ],
          [
            -86.6907461,
            36.2733812
          ],
          [
            -86.6907457,
            36.2733811
          ],
          [
            -86.6907455,
            36.2733809
          ],
          [
            -86.6907453,
            36.2733808
          ],
          [
            -86.6907451,
            36.2733807
          ],
          [
            -86.6907449,
            36.2733806
          ],
          [
            -86.6907448,
            36.2733804
          ],
          [
            -86.6907446,
            36.2733802
          ],
          [
            -86.6907444,
            36.27338
          ],
          [
            -86.6907444,
            36.27338
          ],
          [
            -86.690744,
            36.273381
          ],
          [
            -86.6907448,
            36.2733814
          ],
          [
            -86.6907459,
            36.2733802
          ],
          [
            -86.6907451,
            36.2733791
          ],
          [
            -86.6907443,
            36.2733802
          ],
          [
            -86.6907454,
            36.2733793
          ],
          [
            -86.6907563,
            36.2733723
          ],
          [
            -86.6907826,
            36.2733528
          ],
          [
            -86.690827,
            36.2733208
          ],
          [
            -86.6908905,
            36.2732748
          ],
          [
            -86.6909741,
            36.2732201
          ],
          [
            -86.6910605,
            36.2731573
          ],
          [
            -86.6911451,
            36.273095
          ],
          [
            -86.6912436,
            36.2730312
          ],
          [
            -86.6913692,
            36.2729529
          ],
          [
            -86.6915067,
            36.272863
          ],
          [
            -86.691647,
            36.2727607
          ],
          [
            -86.6917928,
            36.2726552
          ],
          [
            -86.6919442,
            36.2725513
          ],
          [
            -86.6920984,
            36.2724459
          ],
          [
            -86.6922533,
            36.2723403
          ],
          [
            -86.6924056,
            36.2722358
          ],
          [
            -86.6925562,
            36.2721322
          ],
          [
            -86.6927046,
            36.2720325
          ],
          [
            -86.6928471,
            36.2719337
          ],
          [
            -86.6929886,
            36.2718306
          ],
          [
            -86.6931353,
            36.271728
          ],
          [
            -86.6932843,
            36.2716247
          ],
          [
            -86.6934357,
            36.2715201
          ],
          [
            -86.6935874,
            36.2714144
          ],
          [
            -86.6937391,
            36.2713106
          ],
          [
            -86.693889,
            36.2712058
          ],
          [
            -86.6940397,
            36.2711002
          ],
          [
            -86.6941899,
            36.2709947
          ],
          [
            -86.6943411,
            36.2708902
          ],
          [
            -86.6944926,
            36.2707851
          ],
          [
            -86.694644,
            36.2706799
          ],
          [
            -86.6947961,
            36.2705743
          ],
          [
            -86.694948,
            36.2704708
          ],
          [
            -86.6950989,
            36.2703664
          ],
          [
            -86.6952492,
            36.2702616
          ],
          [
            -86.695401,
            36.2701568
          ],
          [
            -86.6955531,
            36.2700501
          ],
          [
            -86.6957068,
            36.2699446
          ],
          [
            -86.6958599,
            36.2698366
          ],
          [
            -86.6960149,
            36.2697291
          ],
          [
            -86.6961686,
            36.2696219
          ],
          [
            -86.6963229,
            36.2695151
          ],
          [
            -86.6964771,
            36.2694094
          ],
          [
            -86.6966296,
            36.2693022
          ],
          [
            -86.6967821,
            36.2691958
          ],
          [
            -86.6969336,
            36.269093
          ],
          [
            -86.6970817,
            36.2689913
          ],
          [
            -86.6972287,
            36.2688895
          ],
          [
            -86.6973758,
            36.2687883
          ],
          [
            -86.6975205,
            36.2686897
          ],
          [
            -86.6976619,
            36.2685901
          ],
          [
            -86.6978053,
            36.2684907
          ],
          [
            -86.6979486,
            36.2683928
          ],
          [
            -86.6980915,
            36.2682931
          ],
          [
            -86.6982345,
            36.2681943
          ],
          [
            -86.6983738,
            36.2680961
          ],
          [
            -86.698512,
            36.2679992
          ],
          [
            -86.6986494,
            36.2679022
          ],
          [
            -86.6987875,
            36.2678042
          ],
          [
            -86.6989265,
            36.2677084
          ],
          [
            -86.6990651,
            36.2676125
          ],
          [
            -86.6992052,
            36.2675163
          ],
          [
            -86.6993447,
            36.2674207
          ],
          [
            -86.6994824,
            36.2673274
          ],
          [
            -86.699616,
            36.2672324
          ],
          [
            -86.6997511,
            36.267138
          ],
          [
            -86.6998873,
            36.2670408
          ],
          [
            -86.7000299,
            36.2669454
          ],
          [
            -86.7001707,
            36.2668476
          ],
          [
            -86.7003117,
            36.2667491
          ],
          [
            -86.7004516,
            36.2666514
          ],
          [
            -86.7005907,
            36.2665562
          ],
          [
            -86.7007262,
            36.2664628
          ],
          [
            -86.7008589,
            36.2663702
          ],
          [
            -86.7009907,
            36.2662759
          ],
          [
            -86.7011245,
            36.2661824
          ],
          [
            -86.7012593,
            36.2660881
          ],
          [
            -86.7013945,
            36.2659939
          ],
          [
            -86.7015298,
            36.2659006
          ],
          [
            -86.7016637,
            36.2658075
          ],
          [
            -86.7017974,
            36.2657135
          ],
          [
            -86.7019325,
            36.2656204
          ],
          [
            -86.7020678,
            36.2655284
          ],
          [
            -86.7022014,
            36.2654385
          ],
          [
            -86.7023335,
            36.2653475
          ],
          [
            -86.702465,
            36.2652568
          ],
          [
            -86.702595,
            36.2651649
          ],
          [
            -86.7027269,
            36.2650713
          ],
          [
            -86.7028582,
            36.2649791
          ],
          [
            -86.7029848,
            36.264886
          ],
          [
            -86.7031075,
            36.2647996
          ],
          [
            -86.7032138,
            36.2647273
          ],
          [
            -86.7032972,
            36.2646714
          ],
          [
            -86.7033512,
            36.2646337
          ],
          [
            -86.7033806,
            36.2646128
          ],
          [
            -86.7033895,
            36.264607
          ],
          [
            -86.7033892,
            36.2646056
          ],
          [
            -86.7033893,
            36.264603
          ],
          [
            -86.7033894,
            36.2646019
          ],
          [
            -86.7033903,
            36.2646021
          ],
          [
            -86.7033905,
            36.2646027
          ],
          [
            -86.7033907,
            36.2646034
          ],
          [
            -86.7033898,
            36.2646035
          ],
          [
            -86.7033884,
            36.2646037
          ],
          [
            -86.7033863,
            36.2646056
          ],
          [
            -86.7033843,
            36.2646085
          ],
          [
            -86.7033945,
            36.2646036
          ],
          [
            -86.7034457,
            36.2645896
          ],
          [
            -86.7034945,
            36.2645857
          ],
          [
            -86.7034992,
            36.264584
          ],
          [
            -86.7035017,
            36.2645831
          ],
          [
            -86.7035055,
            36.2645817
          ],
          [
            -86.7035095,
            36.2645801
          ],
          [
            -86.703513,
            36.2645785
          ],
          [
            -86.7035163,
            36.2645773
          ],
          [
            -86.7035165,
            36.2645761
          ],
          [
            -86.7035168,
            36.2645729
          ],
          [
            -86.7035176,
            36.2645707
          ],
          [
            -86.7035175,
            36.2645692
          ],
          [
            -86.7035177,
            36.2645674
          ],
          [
            -86.7035177,
            36.264566
          ],
          [
            -86.7035172,
            36.2645647
          ],
          [
            -86.7035167,
            36.2645644
          ],
          [
            -86.7035151,
            36.264564
          ],
          [
            -86.7035127,
            36.2645624
          ],
          [
            -86.7035108,
            36.2645619
          ],
          [
            -86.7035093,
            36.2645619
          ],
          [
            -86.7035079,
            36.2645616
          ],
          [
            -86.703507,
            36.2645612
          ],
          [
            -86.7035065,
            36.2645618
          ],
          [
            -86.7035054,
            36.2645613
          ],
          [
            -86.7035041,
            36.2645608
          ],
          [
            -86.7035033,
            36.2645606
          ],
          [
            -86.7034995,
            36.2645549
          ],
          [
            -86.7034849,
            36.2645267
          ],
          [
            -86.703471,
            36.2644959
          ],
          [
            -86.7034719,
            36.2644753
          ],
          [
            -86.7034744,
            36.2644511
          ],
          [
            -86.7034701,
            36.2644101
          ],
          [
            -86.7034646,
            36.2643558
          ],
          [
            -86.7034604,
            36.2642978
          ],
          [
            -86.7034522,
            36.2642332
          ],
          [
            -86.7034456,
            36.2641649
          ],
          [
            -86.7034382,
            36.2640954
          ],
          [
            -86.7034401,
            36.2640287
          ],
          [
            -86.7034704,
            36.2640147
          ],
          [
            -86.7035205,
            36.2640529
          ],
          [
            -86.7035239,
            36.2640578
          ],
          [
            -86.7035188,
            36.2640515
          ],
          [
            -86.7035203,
            36.264051
          ],
          [
            -86.7035245,
            36.2640517
          ],
          [
            -86.7035252,
            36.2640515
          ],
          [
            -86.7035256,
            36.2640509
          ],
          [
            -86.7035262,
            36.2640506
          ],
          [
            -86.7035256,
            36.2640503
          ],
          [
            -86.703526,
            36.264051
          ],
          [
            -86.7035261,
            36.2640514
          ],
          [
            -86.7035204,
            36.2640456
          ],
          [
            -86.7034984,
            36.2640203
          ],
          [
            -86.7034772,
            36.2639907
          ],
          [
            -86.703462,
            36.2639669
          ],
          [
            -86.7034402,
            36.2639312
          ],
          [
            -86.7034175,
            36.2638934
          ],
          [
            -86.7033883,
            36.2638436
          ],
          [
            -86.7033507,
            36.2637745
          ],
          [
            -86.7033165,
            36.2637061
          ],
          [
            -86.703287,
            36.2636407
          ],
          [
            -86.7032612,
            36.2635754
          ],
          [
            -86.7032396,
            36.2635096
          ],
          [
            -86.7032208,
            36.2634427
          ],
          [
            -86.703205,
            36.2633751
          ],
          [
            -86.7031958,
            36.2633124
          ],
          [
            -86.7031906,
            36.2632602
          ],
          [
            -86.7031894,
            36.2632226
          ],
          [
            -86.7031885,
            36.263222
          ],
          [
            -86.7031876,
            36.2632251
          ],
          [
            -86.703187,
            36.2632261
          ],
          [
            -86.7031871,
            36.2632266
          ],
          [
            -86.7031866,
            36.2632273
          ],
          [
            -86.7031863,
            36.2632283
          ],
          [
            -86.7031861,
            36.2632299
          ],
          [
            -86.7031854,
            36.263231
          ],
          [
            -86.703185,
            36.2632327
          ],
          [
            -86.7031852,
            36.2632344
          ],
          [
            -86.7031857,
            36.2632363
          ],
          [
            -86.7031863,
            36.2632375
          ],
          [
            -86.7031863,
            36.2632383
          ],
          [
            -86.7031862,
            36.2632389
          ],
          [
            -86.7031859,
            36.2632395
          ],
          [
            -86.7031839,
            36.2632345
          ],
          [
            -86.7031793,
            36.2632071
          ],
          [
            -86.7031806,
            36.2631973
          ],
          [
            -86.7031836,
            36.2632068
          ],
          [
            -86.7031841,
            36.2632094
          ],
          [
            -86.703184,
            36.2631828
          ],
          [
            -86.7031852,
            36.2631469
          ],
          [
            -86.7031871,
            36.2631107
          ],
          [
            -86.7031907,
            36.263075
          ],
          [
            -86.7031953,
            36.263044
          ],
          [
            -86.7032002,
            36.263027
          ],
          [
            -86.7032018,
            36.2630264
          ],
          [
            -86.7032028,
            36.2630258
          ],
          [
            -86.703204,
            36.2630255
          ],
          [
            -86.7032058,
            36.2630255
          ],
          [
            -86.7032068,
            36.2630258
          ],
          [
            -86.7032077,
            36.2630262
          ],
          [
            -86.7032089,
            36.2630268
          ],
          [
            -86.7032107,
            36.2630272
          ],
          [
            -86.7032126,
            36.2630276
          ],
          [
            -86.7032146,
            36.2630281
          ],
          [
            -86.7032164,
            36.2630284
          ],
          [
            -86.7032175,
            36.2630278
          ],
          [
            -86.7032183,
            36.2630276
          ],
          [
            -86.7032192,
            36.2630273
          ],
          [
            -86.703221,
            36.2630272
          ],
          [
            -86.7032222,
            36.2630271
          ],
          [
            -86.7032231,
            36.263027
          ],
          [
            -86.7032235,
            36.2630269
          ],
          [
            -86.7032252,
            36.2630265
          ],
          [
            -86.7032262,
            36.2630263
          ],
          [
            -86.7032266,
            36.2630255
          ],
          [
            -86.7032278,
            36.2630253
          ],
          [
            -86.7032289,
            36.2630244
          ],
          [
            -86.7032301,
            36.2630236
          ],
          [
            -86.7032317,
            36.2630231
          ],
          [
            -86.7032323,
            36.2630229
          ],
          [
            -86.7032334,
            36.2630226
          ],
          [
            -86.7032343,
            36.2630222
          ],
          [
            -86.7032351,
            36.2630217
          ],
          [
            -86.7032366,
            36.2630213
          ],
          [
            -86.703238,
            36.2630209
          ],
          [
            -86.7032393,
            36.2630207
          ],
          [
            -86.7032407,
            36.2630203
          ],
          [
            -86.7032415,
            36.2630196
          ],
          [
            -86.7032419,
            36.2630191
          ],
          [
            -86.7032435,
            36.2630187
          ],
          [
            -86.7032451,
            36.263018
          ],
          [
            -86.7032465,
            36.2630174
          ],
          [
            -86.7032478,
            36.2630169
          ],
          [
            -86.7032483,
            36.2630163
          ],
          [
            -86.7032492,
            36.2630162
          ],
          [
            -86.7032499,
            36.2630157
          ],
          [
            -86.7032504,
            36.2630147
          ],
          [
            -86.703251,
            36.2630141
          ],
          [
            -86.7032521,
            36.2630139
          ],
          [
            -86.7032527,
            36.2630138
          ],
          [
            -86.703254,
            36.2630144
          ],
          [
            -86.7032542,
            36.263014
          ],
          [
            -86.7032541,
            36.2630142
          ],
          [
            -86.7032556,
            36.2630148
          ],
          [
            -86.7032567,
            36.2630155
          ],
          [
            -86.703257,
            36.2630157
          ],
          [
            -86.7032575,
            36.2630149
          ],
          [
            -86.7032577,
            36.2630147
          ],
          [
            -86.7032579,
            36.2630148
          ],
          [
            -86.7032578,
            36.2630145
          ],
          [
            -86.703258,
            36.263014
          ],
          [
            -86.703258,
            36.2630135
          ],
          [
            -86.703259,
            36.2630126
          ],
          [
            -86.7032604,
            36.263012
          ],
          [
            -86.7032612,
            36.2630121
          ],
          [
            -86.7032626,
            36.2630122
          ],
          [
            -86.7032634,
            36.263012
          ],
          [
            -86.7032565,
            36.263019
          ],
          [
            -86.7032276,
            36.263042
          ],
          [
            -86.7031773,
            36.2630835
          ],
          [
            -86.7031035,
            36.2631445
          ],
          [
            -86.7030059,
            36.2632248
          ],
          [
            -86.7028876,
            36.2633228
          ],
          [
            -86.7027636,
            36.2634252
          ],
          [
            -86.7026397,
            36.2635281
          ],
          [
            -86.7025159,
            36.2636313
          ],
          [
            -86.7023914,
            36.2637337
          ],
          [
            -86.7022671,
            36.2638371
          ],
          [
            -86.7021426,
            36.2639397
          ],
          [
            -86.7020189,
            36.2640432
          ],
          [
            -86.701894,
            36.2641461
          ],
          [
            -86.7017695,
            36.264249
          ],
          [
            -86.701646,
            36.2643515
          ],
          [
            -86.7015213,
            36.2644543
          ],
          [
            -86.7013986,
            36.2645563
          ],
          [
            -86.7012741,
            36.2646594
          ],
          [
            -86.7011498,
            36.2647624
          ],
          [
            -86.7010254,
            36.2648651
          ],
          [
            -86.7009023,
            36.2649687
          ],
          [
            -86.7007779,
            36.265072
          ],
          [
            -86.7006537,
            36.2651748
          ],
          [
            -86.7005295,
            36.2652779
          ],
          [
            -86.7004052,
            36.2653808
          ],
          [
            -86.7002806,
            36.2654833
          ],
          [
            -86.7001562,
            36.2655863
          ],
          [
            -86.7000318,
            36.2656897
          ],
          [
            -86.699909,
            36.265792
          ],
          [
            -86.6997845,
            36.2658947
          ],
          [
            -86.6996601,
            36.2659974
          ],
          [
            -86.6995359,
            36.2661005
          ],
          [
            -86.6994116,
            36.2662036
          ],
          [
            -86.6992873,
            36.2663062
          ],
          [
            -86.6991635,
            36.266409
          ],
          [
            -86.6990394,
            36.2665118
          ],
          [
            -86.6989149,
            36.2666139
          ],
          [
            -86.6987913,
            36.2667171
          ],
          [
            -86.6986668,
            36.2668195
          ],
          [
            -86.6985424,
            36.2669225
          ],
          [
            -86.6984179,
            36.2670256
          ],
          [
            -86.6982932,
            36.2671287
          ],
          [
            -86.6981688,
            36.2672318
          ],
          [
            -86.6980449,
            36.2673348
          ],
          [
            -86.6979206,
            36.267437
          ],
          [
            -86.6977966,
            36.2675395
          ],
          [
            -86.6976731,
            36.2676423
          ],
          [
            -86.6975485,
            36.2677445
          ],
          [
            -86.6974245,
            36.2678478
          ],
          [
            -86.6973004,
            36.2679506
          ],
          [
            -86.6971765,
            36.2680534
          ],
          [
            -86.6970525,
            36.2681564
          ],
          [
            -86.6969283,
            36.2682591
          ],
          [
            -86.6968043,
            36.2683624
          ],
          [
            -86.69668,
            36.2684649
          ],
          [
            -86.6965563,
            36.2685677
          ],
          [
            -86.6964329,
            36.2686707
          ],
          [
            -86.6963085,
            36.2687732
          ],
          [
            -86.6961844,
            36.268876
          ],
          [
            -86.6960596,
            36.268979
          ],
          [
            -86.6959352,
            36.2690821
          ],
          [
            -86.6958111,
            36.269185
          ],
          [
            -86.695687,
            36.2692879
          ],
          [
            -86.695563,
            36.2693906
          ],
          [
            -86.6954385,
            36.2694935
          ],
          [
            -86.6953145,
            36.2695962
          ],
          [
            -86.6951907,
            36.2696987
          ],
          [
            -86.6950667,
            36.2698008
          ],
          [
            -86.694942,
            36.269904
          ],
          [
            -86.6948173,
            36.2700074
          ],
          [
            -86.6946927,
            36.2701109
          ],
          [
            -86.6945681,
            36.2702143
          ],
          [
            -86.6944439,
            36.2703172
          ],
          [
            -86.6943203,
            36.2704203
          ],
          [
            -86.6941961,
            36.2705238
          ],
          [
            -86.6940708,
            36.2706268
          ],
          [
            -86.6939466,
            36.2707299
          ],
          [
            -86.6938219,
            36.2708327
          ],
          [
            -86.6936975,
            36.2709357
          ],
          [
            -86.6935734,
            36.2710386
          ],
          [
            -86.6934487,
            36.2711413
          ],
          [
            -86.6933243,
            36.2712445
          ],
          [
            -86.6932,
            36.2713474
          ],
          [
            -86.6930758,
            36.27145
          ],
          [
            -86.6929514,
            36.2715528
          ],
          [
            -86.6928273,
            36.2716552
          ],
          [
            -86.6927047,
            36.2717587
          ],
          [
            -86.6925799,
            36.2718603
          ],
          [
            -86.6924555,
            36.2719632
          ],
          [
            -86.6923322,
            36.2720663
          ],
          [
            -86.6922089,
            36.2721689
          ],
          [
            -86.6920844,
            36.2722718
          ],
          [
            -86.6919599,
            36.272375
          ],
          [
            -86.6918354,
            36.2724778
          ],
          [
            -86.6917111,
            36.2725807
          ],
          [
            -86.6915871,
            36.2726838
          ],
          [
            -86.6914626,
            36.2727876
          ],
          [
            -86.6913412,
            36.2728872
          ],
          [
            -86.6912346,
            36.2729755
          ],
          [
            -86.6911403,
            36.2730538
          ],
          [
            -86.6910698,
            36.2731116
          ],
          [
            -86.6910218,
            36.2731505
          ],
          [
            -86.6909763,
            36.2731871
          ],
          [
            -86.6909353,
            36.2732225
          ],
          [
            -86.690894,
            36.2732563
          ],
          [
            -86.6908521,
            36.2732909
          ],
          [
            -86.6908111,
            36.273325
          ],
          [
            -86.6907759,
            36.273355
          ],
          [
            -86.6907528,
            36.2733751
          ],
          [
            -86.6907454,
            36.2733802
          ],
          [
            -86.6907466,
            36.2733792
          ],
          [
            -86.6907463,
            36.2733793
          ],
          [
            -86.6907444,
            36.2733804
          ],
          [
            -86.6907428,
            36.2733788
          ],
          [
            -86.6907418,
            36.2733788
          ],
          [
            -86.6907432,
            36.2733789
          ],
          [
            -86.6907432,
            36.2733787
          ],
          [
            -86.690745,
            36.2733783
          ],
          [
            -86.6907444,
            36.2733772
          ],
          [
            -86.6907448,
            36.2733762
          ],
          [
            -86.6907441,
            36.2733763
          ],
          [
            -86.6907446,
            36.2733761
          ],
          [
            -86.6907449,
            36.2733763
          ],
          [
            -86.6907447,
            36.2733763
          ],
          [
            -86.6907446,
            36.2733762
          ],
          [
            -86.6907444,
            36.2733759
          ],
          [
            -86.6907441,
            36.2733757
          ],
          [
            -86.6907439,
            36.2733754
          ],
          [
            -86.6907438,
            36.2733753
          ],
          [
            -86.6907437,
            36.2733751
          ],
          [
            -86.6907435,
            36.273375
          ],
          [
            -86.6907434,
            36.2733751
          ],
          [
            -86.6907435,
            36.2733757
          ],
          [
            -86.6907435,
            36.2733758
          ],
          [
            -86.6907436,
            36.2733757
          ],
          [
            -86.6907438,
            36.2733755
          ],
          [
            -86.6907439,
            36.2733754
          ],
          [
            -86.6907441,
            36.273375
          ],
          [
            -86.6907444,
            36.2733747
          ],
          [
            -86.6907445,
            36.2733745
          ],
          [
            -86.6907447,
            36.2733743
          ],
          [
            -86.690745,
            36.2733741
          ]
        ]
      },
      "properties": {
        "ObjectId": 13,
        "flight_id": "07b42f35-0576-4c9f-bffc-33daa5eb503b",
        "vehicle_serial": null,
        "dock_serial": null,
        "user_email": null,
        "takeoff": 1779834519668,
        "landing": 1779834928986,
        "external_id": "PD202600391002",
        "description": null,
        "flight_purpose": "SUSPICIOUS PERSON",
        "operation_id": null,
        "organization_id": "678dee26-6aa8-4d60-bf1c-30c7b0f6b517",
        "Shape__Length": 0.033757561742167395
      }
    }
  ]
}